"Data","Último","Abertura","Máxima","Mínima","Var%"
"20.08.2021","5,3770","5,4155","5,4757","5,3656","-0,69%"
"19.08.2021","5,4142","5,4187","5,4560","5,3795","0,65%"
"18.08.2021","5,3794","5,2839","5,3974","5,2625","1,60%"
"17.08.2021","5,2948","5,2820","5,3046","5,2358","0,67%"
"16.08.2021","5,2595","5,2439","5,2971","5,2285","0,25%"
"13.08.2021","5,2466","5,2532","5,2816","5,2198","-0,11%"
"12.08.2021","5,2524","5,2193","5,2618","5,2089","0,65%"
"11.08.2021","5,2185","5,1898","5,2347","5,1636","0,56%"
"10.08.2021","5,1895","5,2334","5,2631","5,1847","-0,83%"
"09.08.2021","5,2331","5,2325","5,2993","5,2146","0,06%"
"06.08.2021","5,2301","5,2467","5,2757","5,2049","-0,36%"
"05.08.2021","5,2488","5,1700","5,2586","5,1101","1,55%"
"04.08.2021","5,1685","5,1975","5,2463","5,1649","-0,54%"
"03.08.2021","5,1967","5,1708","5,2750","5,1651","0,43%"
"02.08.2021","5,1747","5,2158","5,2193","5,1136","-0,72%"
"30.07.2021","5,2123","5,0773","5,2287","5,0754","2,58%"
"29.07.2021","5,0812","5,1165","5,1165","5,0406","-0,67%"
"28.07.2021","5,1157","5,1710","5,1926","5,1040","-1,03%"
"27.07.2021","5,1690","5,1769","5,2061","5,1486","-0,14%"
"26.07.2021","5,1761","5,2051","5,2304","5,1516","-0,47%"
"23.07.2021","5,2006","5,1858","5,2332","5,1583","0,01%"
"22.07.2021","5,2003","5,1887","5,2249","5,1670","0,25%"
"21.07.2021","5,1874","5,2413","5,2782","5,1806","-0,63%"
"20.07.2021","5,2205","5,2526","5,2950","5,2017","-0,60%"
"19.07.2021","5,2519","5,1185","5,2591","5,1185","2,68%"
"16.07.2021","5,1147","5,1129","5,1281","5,0742","0,06%"
"15.07.2021","5,1118","5,0715","5,1382","5,0566","0,81%"
"14.07.2021","5,0706","5,1638","5,1656","5,0666","-1,77%"
"13.07.2021","5,1622","5,1747","5,2232","5,1479","-0,21%"
"12.07.2021","5,1730","5,2586","5,2850","5,1630","-1,61%"
"08.07.2021","5,2579","5,2315","5,3145","5,2186","0,50%"
"07.07.2021","5,2315","5,1969","5,2815","5,1696","0,67%"
"06.07.2021","5,1969","5,0968","5,2175","5,0753","2,08%"
"05.07.2021","5,0910","5,0551","5,1007","5,0459","0,66%"
"02.07.2021","5,0575","5,0507","5,0745","4,9875","0,20%"
"01.07.2021","5,0476","4,9705","5,0557","4,9467","1,59%"
"30.06.2021","4,9686","4,9566","5,0241","4,9527","0,26%"
"29.06.2021","4,9559","4,9325","4,9714","4,9209","0,64%"
"28.06.2021","4,9244","4,9307","4,9724","4,9171","-0,18%"
"25.06.2021","4,9335","4,9143","4,9750","4,8929","0,40%"
"24.06.2021","4,9137","4,9671","4,9720","4,8977","-1,07%"
"23.06.2021","4,9667","4,9577","4,9802","4,9373","0,19%"
"22.06.2021","4,9574","5,0143","5,0459","4,9569","-1,11%"
"21.06.2021","5,0130","5,0753","5,0824","5,0129","-1,53%"
"18.06.2021","5,0907","5,0077","5,1100","4,9815","1,69%"
"17.06.2021","5,0059","5,0587","5,0760","5,0068","-0,96%"
"16.06.2021","5,0545","5,0436","5,0821","4,9921","0,18%"
"15.06.2021","5,0453","5,0635","5,1041","5,0385","-0,29%"
"14.06.2021","5,0601","5,1153","5,1190","5,0539","-1,11%"
"11.06.2021","5,1171","5,0590","5,1395","5,0530","1,22%"
"10.06.2021","5,0552","5,0650","5,0922","5,0323","-0,14%"
"09.06.2021","5,0621","5,0363","5,0863","5,0181","0,59%"
"08.06.2021","5,0325","5,0468","5,0689","5,0205","-0,25%"
"07.06.2021","5,0451","5,0466","5,0703","5,0172","-0,09%"
"04.06.2021","5,0495","5,1135","5,1154","5,0320","-0,55%"
"03.06.2021","5,0775","5,0786","5,0786","5,0780","0,04%"
"02.06.2021","5,0754","5,1515","5,1754","5,0671","-1,47%"
"01.06.2021","5,1509","5,2210","5,2212","5,1399","-1,27%"
"31.05.2021","5,2172","5,2228","5,2632","5,1982","-0,15%"
"28.05.2021","5,2252","5,2400","5,2664","5,2088","-0,25%"
"27.05.2021","5,2383","5,3120","5,3133","5,2346","-1,38%"
"26.05.2021","5,3115","5,3289","5,3435","5,2867","-0,39%"
"25.05.2021","5,3320","5,3210","5,3468","5,2941","0,27%"
"24.05.2021","5,3175","5,3664","5,3746","5,3095","-0,82%"
"21.05.2021","5,3617","5,2843","5,3710","5,2703","1,50%"
"20.05.2021","5,2825","5,3105","5,3109","5,2699","-0,51%"
"19.05.2021","5,3094","5,2608","5,3261","5,2586","0,93%"
"18.05.2021","5,2605","5,2754","5,2814","5,2298","-0,24%"
"17.05.2021","5,2729","5,2725","5,3205","5,2442","0,00%"
"14.05.2021","5,2728","5,3090","5,3090","5,2442","-0,68%"
"13.05.2021","5,3090","5,3043","5,3331","5,2519","0,05%"
"12.05.2021","5,3061","5,2227","5,3198","5,2105","1,63%"
"11.05.2021","5,2208","5,2273","5,2823","5,2031","-0,12%"
"10.05.2021","5,2272","5,2340","5,2526","5,1964","-0,18%"
"07.05.2021","5,2368","5,2768","5,2952","5,2025","-0,74%"
"06.05.2021","5,2760","5,3573","5,3752","5,2567","-1,46%"
"05.05.2021","5,3542","5,4455","5,4478","5,3512","-1,64%"
"04.05.2021","5,4435","5,4398","5,4843","5,4113","0,03%"
"03.05.2021","5,4420","5,4360","5,4561","5,3727","0,10%"
"30.04.2021","5,4366","5,3383","5,4489","5,3351","1,86%"
"29.04.2021","5,3375","5,3428","5,3798","5,3274","-0,10%"
"28.04.2021","5,3430","5,4526","5,4561","5,3429","-1,95%"
"27.04.2021","5,4490","5,4366","5,4673","5,4097","0,23%"
"26.04.2021","5,4364","5,4757","5,4904","5,4318","-0,71%"
"23.04.2021","5,4751","5,4446","5,5240","5,4239","0,56%"
"22.04.2021","5,4448","5,5669","5,5669","5,4373","-2,23%"
"21.04.2021","5,5690","5,5692","5,5695","5,5692","0,01%"
"20.04.2021","5,5687","5,5461","5,5883","5,5022","0,41%"
"19.04.2021","5,5461","5,5873","5,6224","5,5262","-0,76%"
"16.04.2021","5,5883","5,6142","5,6781","5,5658","-0,50%"
"15.04.2021","5,6162","5,6540","5,6603","5,5951","-0,64%"
"14.04.2021","5,6526","5,7180","5,7359","5,6452","-1,12%"
"13.04.2021","5,7166","5,7340","5,7562","5,6629","-0,29%"
"12.04.2021","5,7333","5,6822","5,7425","5,6300","0,90%"
"09.04.2021","5,6821","5,5682","5,6852","5,5665","1,98%"
"08.04.2021","5,5720","5,6136","5,6174","5,5381","-0,75%"
"07.04.2021","5,6143","5,5904","5,6550","5,5474","0,43%"
"06.04.2021","5,5904","5,6642","5,6698","5,5742","-1,29%"
"05.04.2021","5,6632","5,7100","5,7101","5,6323","-0,78%"
"02.04.2021","5,7075","5,7080","5,7080","5,7080","0,01%"
"01.04.2021","5,7071","5,6330","5,7276","5,6080","1,34%"
"31.03.2021","5,6315","5,7740","5,7768","5,6214","-2,48%"
"30.03.2021","5,7745","5,7824","5,8034","5,7200","-0,09%"
"29.03.2021","5,7799","5,7550","5,8069","5,7359","0,40%"
"26.03.2021","5,7566","5,6473","5,7589","5,6448","1,93%"
"25.03.2021","5,6475","5,6213","5,6821","5,6174","0,47%"
"24.03.2021","5,6209","5,5216","5,6432","5,4891","1,80%"
"23.03.2021","5,5214","5,5045","5,5509","5,4640","0,31%"
"22.03.2021","5,5045","5,5087","5,5483","5,4936","0,23%"
"19.03.2021","5,4917","5,5609","5,5640","5,4482","-1,24%"
"18.03.2021","5,5604","5,5860","5,5860","5,4763","-0,41%"
"17.03.2021","5,5832","5,6249","5,6827","5,5688","-0,74%"
"16.03.2021","5,6246","5,6252","5,6344","5,5574","0,16%"
"15.03.2021","5,6156","5,5501","5,6568","5,5310","1,15%"
"12.03.2021","5,5518","5,5362","5,5873","5,5324","0,29%"
"11.03.2021","5,5357","5,6078","5,6215","5,5257","-2,40%"
"10.03.2021","5,6720","5,7902","5,8144","5,6443","-2,25%"
"09.03.2021","5,8025","5,8753","5,8787","5,7675","-1,24%"
"08.03.2021","5,8755","5,6898","5,8769","5,6898","3,25%"
"05.03.2021","5,6908","5,6697","5,7232","5,6517","0,38%"
"04.03.2021","5,6693","5,5700","5,6852","5,5438","0,89%"
"03.03.2021","5,6193","5,6872","5,7729","5,5806","-1,00%"
"02.03.2021","5,6761","5,6421","5,7340","5,6386","0,61%"
"01.03.2021","5,6418","5,5870","5,6427","5,5553","0,77%"
"26.02.2021","5,5986","5,5340","5,6093","5,4905","1,23%"
"25.02.2021","5,5308","5,4450","5,5390","5,4173","2,30%"
"24.02.2021","5,4062","5,4409","5,4454","5,3895","-0,64%"
"23.02.2021","5,4409","5,4692","5,4843","5,4075","-0,46%"
"22.02.2021","5,4659","5,5128","5,5342","5,4296","1,55%"
"19.02.2021","5,3823","5,4267","5,4706","5,3670","-0,82%"
"18.02.2021","5,4270","5,3877","5,4535","5,3854","0,30%"
"17.02.2021","5,4105","5,3707","5,4331","5,3707","0,76%"
"16.02.2021","5,3695","5,3685","5,3707","5,3685","-0,01%"
"12.02.2021","5,3698","5,3953","5,4127","5,3542","0,06%"
"11.02.2021","5,3665","5,3882","5,4118","5,3330","-0,36%"
"10.02.2021","5,3860","5,3790","5,4378","5,3485","0,15%"
"09.02.2021","5,3781","5,3660","5,4478","5,3535","0,23%"
"08.02.2021","5,3657","5,4040","5,4208","5,3042","-0,09%"
"05.02.2021","5,3704","5,4270","5,4562","5,3436","-1,04%"
"04.02.2021","5,4266","5,3552","5,4571","5,3544","1,37%"
"03.02.2021","5,3534","5,3663","5,3945","5,3201","-0,27%"
"02.02.2021","5,3680","5,4326","5,4326","5,3425","-1,18%"
"01.02.2021","5,4322","5,4663","5,4863","5,4205","-0,55%"
"29.01.2021","5,4625","5,4390","5,5061","5,4189","0,40%"
"28.01.2021","5,4410","5,4250","5,4604","5,3898","0,50%"
"27.01.2021","5,4138","5,3556","5,4205","5,3491","1,09%"
"26.01.2021","5,3552","5,4711","5,4783","5,3119","-2,04%"
"25.01.2021","5,4665","5,4670","5,4670","5,4670","-0,00%"
"22.01.2021","5,4666","5,3547","5,4875","5,3547","2,17%"
"21.01.2021","5,3506","5,2544","5,4006","5,2314","1,11%"
"20.01.2021","5,2917","5,3589","5,3589","5,2823","-1,23%"
"19.01.2021","5,3578","5,2691","5,3685","5,2420","1,17%"
"18.01.2021","5,2957","5,3025","5,3229","5,2355","0,06%"
"15.01.2021","5,2927","5,1971","5,3108","5,1971","1,85%"
"14.01.2021","5,1967","5,2991","5,3034","5,1910","-1,93%"
"13.01.2021","5,2990","5,3233","5,3550","5,2702","-0,44%"
"12.01.2021","5,3226","5,4893","5,4942","5,3116","-3,03%"
"11.01.2021","5,4890","5,4666","5,5166","5,4491","1,31%"
"08.01.2021","5,4178","5,4108","5,4408","5,3208","0,14%"
"07.01.2021","5,4101","5,3169","5,4187","5,2989","1,81%"
"06.01.2021","5,3139","5,2863","5,3597","5,2318","0,54%"
"05.01.2021","5,2854","5,2955","5,3547","5,2515","-0,22%"
"04.01.2021","5,2968","5,1351","5,2972","5,1197","1,99%"
"01.01.2021","5,1935","5,1934","5,1935","5,1934","0,00%"
"31.12.2020","5,1935","5,1940","5,1940","5,1940","-0,00%"
"30.12.2020","5,1937","5,2051","5,2361","5,1519","-0,31%"
"29.12.2020","5,2099","5,2460","5,2473","5,1645","-0,69%"
"28.12.2020","5,2461","5,1784","5,3124","5,1639","0,57%"
"24.12.2020","5,2165","5,2168","5,2168","5,2168","0,00%"
"23.12.2020","5,2164","5,1604","5,2215","5,1287","1,10%"
"22.12.2020","5,1597","5,1220","5,1731","5,1094","0,73%"
"21.12.2020","5,1222","5,2012","5,2250","5,1122","0,39%"
"18.12.2020","5,1022","5,0592","5,1177","5,0592","0,87%"
"17.12.2020","5,0582","5,0601","5,0890","5,0421","-0,50%"
"16.12.2020","5,0838","5,0823","5,1440","5,0645","-0,01%"
"15.12.2020","5,0842","5,1145","5,1248","5,0761","-0,68%"
"14.12.2020","5,1189","5,0383","5,1307","5,0100","1,05%"
"11.12.2020","5,0656","5,0438","5,0886","5,0288","0,80%"
"10.12.2020","5,0256","5,1109","5,1328","5,0143","-2,81%"
"09.12.2020","5,1708","5,1206","5,1981","5,0868","0,99%"
"08.12.2020","5,1202","5,1000","5,1392","5,0627","0,42%"
"07.12.2020","5,0990","5,1597","5,1701","5,0570","-1,10%"
"04.12.2020","5,1557","5,1540","5,1846","5,1164","0,08%"
"03.12.2020","5,1515","5,2178","5,2310","5,1209","-1,26%"
"02.12.2020","5,2175","5,2252","5,2554","5,2059","0,22%"
"01.12.2020","5,2061","5,3158","5,3301","5,2031","-2,36%"
"30.11.2020","5,3319","5,2906","5,3971","5,2737","-0,22%"
"27.11.2020","5,3438","5,3360","5,3801","5,3195","0,14%"
"26.11.2020","5,3365","5,3198","5,3584","5,2955","0,24%"
"25.11.2020","5,3237","5,3740","5,3956","5,3037","-0,93%"
"24.11.2020","5,3736","5,4409","5,4450","5,3703","-1,20%"
"23.11.2020","5,4390","5,3780","5,4507","5,3387","1,10%"
"20.11.2020","5,3797","5,2913","5,3959","5,2847","1,40%"
"19.11.2020","5,3054","5,3633","5,3805","5,2972","-1,07%"
"18.11.2020","5,3629","5,3285","5,3725","5,2740","0,65%"
"17.11.2020","5,3281","5,4165","5,4233","5,3221","-1,61%"
"16.11.2020","5,4152","5,4148","5,4584","5,3636","-0,79%"
"13.11.2020","5,4582","5,4580","5,5264","5,4497","0,00%"
"12.11.2020","5,4581","5,4160","5,4904","5,3526","1,24%"
"11.11.2020","5,3910","5,4180","5,4571","5,3738","-0,44%"
"10.11.2020","5,4147","5,3737","5,4190","5,3345","0,54%"
"09.11.2020","5,3858","5,2746","5,4260","5,2235","0,39%"
"06.11.2020","5,3647","5,5255","5,5742","5,3586","-2,90%"
"05.11.2020","5,5250","5,6129","5,6310","5,5223","-2,45%"
"04.11.2020","5,6635","5,7565","5,7655","5,6434","-1,61%"
"03.11.2020","5,7560","5,6964","5,7667","5,6487","0,24%"
"02.11.2020","5,7425","5,7430","5,7430","5,7430","-0,04%"
"30.10.2020","5,7446","5,7781","5,8084","5,7217","-0,60%"
"29.10.2020","5,7790","5,7466","5,7923","5,7439","0,58%"
"28.10.2020","5,7457","5,7060","5,7927","5,7017","0,70%"
"27.10.2020","5,7055","5,6243","5,7127","5,5986","1,47%"
"26.10.2020","5,6229","5,6551","5,6638","5,6100","0,10%"
"23.10.2020","5,6175","5,5929","5,6354","5,5651","0,50%"
"22.10.2020","5,5893","5,6088","5,6264","5,5627","-0,31%"
"21.10.2020","5,6066","5,6058","5,6294","5,5707","0,02%"
"20.10.2020","5,6054","5,6103","5,6267","5,5472","-0,03%"
"19.10.2020","5,6069","5,6463","5,6503","5,5665","-0,64%"
"16.10.2020","5,6428","5,6097","5,6549","5,5975","0,54%"
"15.10.2020","5,6126","5,5958","5,6483","5,5886","0,38%"
"14.10.2020","5,5912","5,5729","5,6055","5,5349","0,39%"
"13.10.2020","5,5693","5,5263","5,6262","5,5210","0,68%"
"09.10.2020","5,5318","5,6000","5,6013","5,5104","-1,19%"
"08.10.2020","5,5987","5,6128","5,6469","5,5761","-0,20%"
"07.10.2020","5,6097","5,5613","5,6396","5,5507","0,30%"
"06.10.2020","5,5930","5,5745","5,6174","5,4830","0,34%"
"05.10.2020","5,5743","5,6498","5,6774","5,5500","-1,95%"
"02.10.2020","5,6851","5,6433","5,6929","5,6072","0,73%"
"01.10.2020","5,6437","5,6109","5,6652","5,5739","0,58%"
"30.09.2020","5,6112","5,6352","5,6705","5,5870","-0,41%"
"29.09.2020","5,6344","5,6614","5,6786","5,6061","-0,50%"
"28.09.2020","5,6627","5,5135","5,6760","5,5127","1,80%"
"25.09.2020","5,5624","5,5097","5,5890","5,5097","0,97%"
"24.09.2020","5,5089","5,5930","5,6243","5,4926","-1,53%"
"23.09.2020","5,5943","5,4702","5,5991","5,4700","2,26%"
"22.09.2020","5,4704","5,4146","5,4967","5,3828","1,06%"
"21.09.2020","5,4131","5,4511","5,4979","5,3876","0,47%"
"18.09.2020","5,3876","5,2397","5,3988","5,2391","2,83%"
"17.09.2020","5,2394","5,2379","5,2924","5,2264","0,03%"
"16.09.2020","5,2377","5,2762","5,2785","5,2102","-0,70%"
"15.09.2020","5,2748","5,2698","5,3016","5,2192","0,08%"
"14.09.2020","5,2706","5,3191","5,3235","5,2613","-0,91%"
"11.09.2020","5,3189","5,3209","5,3495","5,2583","-0,04%"
"10.09.2020","5,3210","5,3095","5,3325","5,2681","0,25%"
"09.09.2020","5,3078","5,3615","5,3620","5,2785","-1,04%"
"08.09.2020","5,3638","5,3608","5,4096","5,3156","1,18%"
"04.09.2020","5,3012","5,2901","5,3285","5,2465","0,19%"
"03.09.2020","5,2914","5,3408","5,3752","5,2722","-0,92%"
"02.09.2020","5,3403","5,3987","5,4309","5,3407","-1,03%"
"01.09.2020","5,3960","5,4927","5,4927","5,3344","-1,74%"
"31.08.2020","5,4914","5,3850","5,4955","5,3850","1,92%"
"28.08.2020","5,3881","5,5700","5,5702","5,3855","-3,25%"
"27.08.2020","5,5691","5,6060","5,6223","5,5435","-0,65%"
"26.08.2020","5,6054","5,5090","5,6342","5,5089","1,78%"
"25.08.2020","5,5075","5,6112","5,6136","5,5049","-1,83%"
"24.08.2020","5,6100","5,5773","5,6148","5,5589","-0,16%"
"21.08.2020","5,6192","5,5587","5,6332","5,5554","1,12%"
"20.08.2020","5,5568","5,5573","5,6733","5,5381","-0,01%"
"19.08.2020","5,5575","5,4674","5,5619","5,4345","1,66%"
"18.08.2020","5,4666","5,5098","5,5168","5,4206","-0,77%"
"17.08.2020","5,5090","5,4410","5,5149","5,4089","1,63%"
"14.08.2020","5,4204","5,3699","5,4422","5,3573","0,96%"
"13.08.2020","5,3690","5,4356","5,4362","5,3490","-1,18%"
"12.08.2020","5,4333","5,3819","5,4925","5,3819","0,99%"
"11.08.2020","5,3800","5,4809","5,4822","5,3716","-1,85%"
"10.08.2020","5,4812","5,4395","5,4907","5,3517","0,79%"
"07.08.2020","5,4383","5,3442","5,4394","5,3401","2,00%"
"06.08.2020","5,3315","5,2915","5,3721","5,2915","0,78%"
"05.08.2020","5,2902","5,2439","5,3204","5,2317","0,00%"
"04.08.2020","5,2900","5,3205","5,3775","5,2744","-0,59%"
"03.08.2020","5,3213","5,2223","5,3364","5,2115","1,86%"
"31.07.2020","5,2240","5,1541","5,2298","5,1531","1,37%"
"30.07.2020","5,1534","5,1705","5,2165","5,1435","-0,31%"
"29.07.2020","5,1692","5,1383","5,1845","5,1145","0,31%"
"28.07.2020","5,1533","5,1493","5,2045","5,1346","0,17%"
"27.07.2020","5,1447","5,2332","5,2332","5,1410","-1,69%"
"24.07.2020","5,2329","5,2127","5,2533","5,1596","0,42%"
"23.07.2020","5,2112","5,1191","5,2262","5,1188","1,85%"
"22.07.2020","5,1166","5,1707","5,2028","5,0827","-1,06%"
"21.07.2020","5,1713","5,3291","5,3291","5,1647","-2,95%"
"20.07.2020","5,3283","5,3870","5,3913","5,3269","-1,05%"
"17.07.2020","5,3849","5,3243","5,3923","5,3155","1,01%"
"16.07.2020","5,3311","5,3697","5,3928","5,3064","-0,72%"
"15.07.2020","5,3698","5,3096","5,3910","5,2917","0,04%"
"14.07.2020","5,3674","5,4032","5,4542","5,3306","-0,68%"
"13.07.2020","5,4040","5,3130","5,4098","5,3105","1,51%"
"10.07.2020","5,3238","5,3390","5,3946","5,3128","-0,33%"
"09.07.2020","5,3413","5,3450","5,3788","5,2450","-0,02%"
"08.07.2020","5,3422","5,3840","5,3941","5,3178","-0,68%"
"07.07.2020","5,3790","5,3559","5,4017","5,2880","0,43%"
"06.07.2020","5,3562","5,3150","5,3592","5,2609","0,76%"
"03.07.2020","5,3158","5,3523","5,3807","5,3047","-0,82%"
"02.07.2020","5,3596","5,3185","5,3752","5,2656","0,79%"
"01.07.2020","5,3174","5,4660","5,4763","5,2985","-2,72%"
"30.06.2020","5,4661","5,4005","5,5082","5,4005","1,16%"
"29.06.2020","5,4034","5,4847","5,4847","5,3892","-1,47%"
"26.06.2020","5,4840","5,3608","5,4931","5,3608","2,39%"
"25.06.2020","5,3561","5,3476","5,3802","5,2663","0,18%"
"24.06.2020","5,3467","5,1525","5,3549","5,1525","3,73%"
"23.06.2020","5,1542","5,2524","5,2537","5,1336","-1,87%"
"22.06.2020","5,2524","5,2904","5,2968","5,1972","-1,09%"
"19.06.2020","5,3105","5,3780","5,3821","5,2881","-1,25%"
"18.06.2020","5,3776","5,2291","5,3884","5,2277","2,85%"
"17.06.2020","5,2286","5,2446","5,2716","5,1814","-0,27%"
"16.06.2020","5,2430","5,1173","5,2549","5,0477","1,69%"
"15.06.2020","5,1557","5,1314","5,2260","5,0786","2,08%"
"12.06.2020","5,0505","4,9774","5,1118","4,9765","1,50%"
"11.06.2020","4,9760","4,9740","4,9765","4,9740","0,06%"
"10.06.2020","4,9732","4,9000","4,9789","4,8380","1,51%"
"09.06.2020","4,8992","4,8229","4,9359","4,8229","1,58%"
"08.06.2020","4,8230","4,9619","4,9774","4,8175","-2,73%"
"05.06.2020","4,9585","5,1186","5,1196","4,9328","-3,14%"
"04.06.2020","5,1190","5,0624","5,1418","5,0244","1,12%"
"03.06.2020","5,0622","5,2007","5,2109","5,0159","-2,68%"
"02.06.2020","5,2014","5,3672","5,3700","5,1989","-3,02%"
"01.06.2020","5,3633","5,3340","5,4196","5,3100","0,51%"
"29.05.2020","5,3361","5,4049","5,4630","5,3190","-1,27%"
"28.05.2020","5,4045","5,2743","5,4113","5,2743","2,49%"
"27.05.2020","5,2733","5,3418","5,3610","5,2691","-1,34%"
"26.05.2020","5,3450","5,4432","5,4432","5,3340","-1,86%"
"25.05.2020","5,4461","5,4942","5,5301","5,4321","-1,58%"
"22.05.2020","5,5338","5,5536","5,6256","5,5229","-0,30%"
"21.05.2020","5,5507","5,6925","5,7062","5,5473","-2,49%"
"20.05.2020","5,6925","5,7559","5,7572","5,6694","-1,07%"
"19.05.2020","5,7540","5,7192","5,7687","5,6820","0,61%"
"18.05.2020","5,7190","5,8565","5,8565","5,6942","-2,33%"
"15.05.2020","5,8554","5,8110","5,8734","5,7590","0,76%"
"14.05.2020","5,8115","5,9248","5,9718","5,8022","-1,25%"
"13.05.2020","5,8852","5,8863","5,9440","5,8176","-0,01%"
"12.05.2020","5,8856","5,8190","5,8949","5,7420","1,16%"
"11.05.2020","5,8180","5,7825","5,8404","5,7651","1,50%"
"08.05.2020","5,7319","5,8123","5,8285","5,7178","-1,69%"
"07.05.2020","5,8307","5,7158","5,8770","5,7158","2,04%"
"06.05.2020","5,7140","5,5750","5,7235","5,5750","2,43%"
"05.05.2020","5,5783","5,5424","5,6044","5,4818","0,60%"
"04.05.2020","5,5450","5,6141","5,6143","5,5187","1,08%"
"01.05.2020","5,4856","5,4861","5,4861","5,4861","-0,00%"
"30.04.2020","5,4858","5,3346","5,4875","5,3306","2,83%"
"29.04.2020","5,3348","5,5019","5,5280","5,3340","-3,00%"
"28.04.2020","5,4999","5,6085","5,6221","5,4710","-2,70%"
"27.04.2020","5,6526","5,5427","5,7260","5,5345","1,11%"
"24.04.2020","5,5907","5,5339","5,7484","5,5339","1,03%"
"23.04.2020","5,5335","5,4557","5,5567","5,4008","1,38%"
"22.04.2020","5,4580","5,3184","5,4644","5,3028","2,67%"
"21.04.2020","5,3163","5,3172","5,3176","5,3166","-0,01%"
"20.04.2020","5,3168","5,2864","5,3201","5,2642","1,54%"
"17.04.2020","5,2363","5,2341","5,2761","5,2066","0,06%"
"16.04.2020","5,2333","5,2336","5,2683","5,2007","-0,06%"
"15.04.2020","5,2367","5,2228","5,2684","5,2157","1,45%"
"14.04.2020","5,1621","5,1811","5,2123","5,1484","-0,72%"
"13.04.2020","5,1994","5,1219","5,2088","5,1038","1,82%"
"10.04.2020","5,1063","5,1068","5,1068","5,1068","-0,01%"
"09.04.2020","5,1070","5,1260","5,1533","5,0487","-0,32%"
"08.04.2020","5,1233","5,2237","5,2489","5,1112","-1,88%"
"07.04.2020","5,2214","5,2817","5,2868","5,1819","-1,23%"
"06.04.2020","5,2863","5,2998","5,3114","5,2235","-1,20%"
"03.04.2020","5,3506","5,2566","5,3541","5,2557","1,85%"
"02.04.2020","5,2533","5,2485","5,2850","5,2221","0,08%"
"01.04.2020","5,2493","5,2252","5,2747","5,2210","0,86%"
"31.03.2020","5,2046","5,1881","5,2150","5,1680","0,21%"
"30.03.2020","5,1936","5,1180","5,1961","5,1128","1,84%"
"27.03.2020","5,0997","5,0235","5,1283","5,0235","1,56%"
"26.03.2020","5,0212","5,0349","5,0660","4,9733","-0,28%"
"25.03.2020","5,0353","5,0995","5,1109","4,9722","-1,24%"
"24.03.2020","5,0983","5,1431","5,1431","5,0412","-0,90%"
"23.03.2020","5,1444","5,0628","5,1479","5,0050","1,61%"
"20.03.2020","5,0627","5,0010","5,0662","4,9820","-0,65%"
"19.03.2020","5,0957","5,1098","5,2140","5,0682","-0,21%"
"18.03.2020","5,1064","5,0103","5,2550","5,0073","1,96%"
"17.03.2020","5,0084","5,0357","5,0873","4,9594","0,16%"
"16.03.2020","5,0002","4,8600","5,0690","4,8600","2,93%"
"13.03.2020","4,8580","4,7095","4,8810","4,6424","1,40%"
"12.03.2020","4,7910","4,8149","5,0284","4,7501","-0,47%"
"11.03.2020","4,8136","4,6400","4,8284","4,6400","3,69%"
"10.03.2020","4,6425","4,6742","4,6873","4,6345","-1,71%"
"09.03.2020","4,7231","4,7600","4,7943","4,7052","2,08%"
"06.03.2020","4,6269","4,6358","4,6720","4,6108","0,43%"
"05.03.2020","4,6073","4,5993","4,6672","4,5844","0,49%"
"04.03.2020","4,5847","4,5140","4,5881","4,5026","1,56%"
"03.03.2020","4,5144","4,4744","4,5184","4,4521","0,90%"
"02.03.2020","4,4740","4,4949","4,5068","4,4690","0,02%"
"28.02.2020","4,4733","4,5070","4,5143","4,4642","-0,29%"
"27.02.2020","4,4861","4,4497","4,5021","4,4471","0,81%"
"26.02.2020","4,4502","4,3884","4,4553","4,3880","1,42%"
"25.02.2020","4,3878","4,3883","4,3888","4,3879","0,00%"
"24.02.2020","4,3878","4,3884","4,3884","4,3883","-0,04%"
"21.02.2020","4,3895","4,3939","4,4068","4,3712","-0,09%"
"20.02.2020","4,3933","4,3653","4,3985","4,3580","0,65%"
"19.02.2020","4,3649","4,3564","4,3779","4,3562","0,21%"
"18.02.2020","4,3557","4,3280","4,3645","4,3252","0,66%"
"17.02.2020","4,3270","4,3003","4,3320","4,2969","0,69%"
"14.02.2020","4,2974","4,3504","4,3504","4,2906","-1,20%"
"13.02.2020","4,3498","4,3552","4,3835","4,3081","-0,11%"
"12.02.2020","4,3548","4,3319","4,3558","4,3232","0,54%"
"11.02.2020","4,3316","4,3252","4,3411","4,2969","0,16%"
"10.02.2020","4,3248","4,3210","4,3293","4,3040","0,10%"
"07.02.2020","4,3203","4,2825","4,3240","4,2793","0,89%"
"06.02.2020","4,2822","4,2357","4,2861","4,2086","1,11%"
"05.02.2020","4,2353","4,2552","4,2614","4,2263","-0,45%"
"04.02.2020","4,2545","4,2480","4,2625","4,2232","0,16%"
"03.02.2020","4,2476","4,2816","4,2828","4,2294","-0,80%"
"31.01.2020","4,2820","4,2438","4,2905","4,2438","0,92%"
"30.01.2020","4,2430","4,2304","4,2726","4,2303","0,30%"
"29.01.2020","4,2303","4,1948","4,2326","4,1814","0,86%"
"28.01.2020","4,1943","4,2112","4,2168","4,1867","-0,31%"
"27.01.2020","4,2074","4,1842","4,2318","4,1797","0,62%"
"24.01.2020","4,1814","4,1707","4,1918","4,1649","0,27%"
"23.01.2020","4,1703","4,1832","4,1906","4,1554","-0,29%"
"22.01.2020","4,1826","4,2020","4,2057","4,1724","-0,71%"
"21.01.2020","4,2123","4,1894","4,2178","4,1830","0,54%"
"20.01.2020","4,1898","4,1658","4,1922","4,1628","0,68%"
"17.01.2020","4,1616","4,1851","4,1936","4,1588","-0,55%"
"16.01.2020","4,1847","4,1756","4,2011","4,1593","0,23%"
"15.01.2020","4,1753","4,1322","4,1863","4,1310","1,03%"
"14.01.2020","4,1326","4,1474","4,1618","4,1214","-0,34%"
"13.01.2020","4,1466","4,0907","4,1469","4,0885","1,24%"
"10.01.2020","4,0960","4,0936","4,1051","4,0615","0,09%"
"09.01.2020","4,0925","4,0645","4,0935","4,0574","0,68%"
"08.01.2020","4,0647","4,0676","4,0788","4,0399","-0,07%"
"07.01.2020","4,0676","4,0620","4,0928","4,0549","0,15%"
"06.01.2020","4,0616","4,0567","4,0746","4,0463","-0,13%"
"03.01.2020","4,0669","4,0251","4,0720","4,0251","1,02%"
"02.01.2020","4,0260","4,0197","4,0413","4,0037","0,16%"
"01.01.2020","4,0195","4,0195","4,0195","4,0195","0,01%"
"31.12.2019","4,0190","4,0197","4,0198","4,0194","-0,00%"
"30.12.2019","4,0191","4,0490","4,0490","4,0083","-0,66%"
"27.12.2019","4,0456","4,0566","4,0620","4,0347","-0,25%"
"26.12.2019","4,0557","4,0825","4,0825","4,0457","-0,69%"
"25.12.2019","4,0838","4,0838","4,0838","4,0838","0,01%"
"24.12.2019","4,0833","4,0838","4,0838","4,0838","0,00%"
"23.12.2019","4,0833","4,1020","4,1020","4,0574","-0,46%"
"20.12.2019","4,1022","4,0704","4,1026","4,0580","0,81%"
"19.12.2019","4,0694","4,0634","4,0706","4,0508","0,16%"
"18.12.2019","4,0630","4,0684","4,0767","4,0462","-0,21%"
"17.12.2019","4,0716","4,0631","4,0785","4,0506","0,22%"
"16.12.2019","4,0628","4,1104","4,1104","4,0547","-1,10%"
"13.12.2019","4,1080","4,0920","4,1185","4,0752","0,43%"
"12.12.2019","4,0905","4,1241","4,1316","4,0817","-0,81%"
"11.12.2019","4,1238","4,1463","4,1467","4,1076","-0,55%"
"10.12.2019","4,1467","4,1427","4,1516","4,1326","0,11%"
"09.12.2019","4,1422","4,1415","4,1613","4,1239","0,03%"
"06.12.2019","4,1411","4,1859","4,1951","4,1340","-1,06%"
"05.12.2019","4,1856","4,2077","4,2238","4,1765","-0,53%"
"04.12.2019","4,2077","4,2054","4,2109","4,1827","0,03%"
"03.12.2019","4,2063","4,2236","4,2245","4,1849","-0,40%"
"02.12.2019","4,2230","4,2362","4,2541","4,2078","-0,32%"
"29.11.2019","4,2364","4,1894","4,2460","4,1830","1,11%"
"28.11.2019","4,1900","4,2641","4,2659","4,1901","-1,73%"
"27.11.2019","4,2636","4,2295","4,2713","4,2265","0,72%"
"26.11.2019","4,2330","4,2269","4,2778","4,2269","0,15%"
"25.11.2019","4,2266","4,1989","4,2312","4,1874","0,72%"
"22.11.2019","4,1962","4,1940","4,2013","4,1725","0,08%"
"21.11.2019","4,1930","4,1950","4,2244","4,1830","-0,06%"
"20.11.2019","4,1955","4,1933","4,1980","4,1933","0,03%"
"19.11.2019","4,1942","4,2055","4,2197","4,1859","-0,56%"
"18.11.2019","4,2177","4,1785","4,2196","4,1697","0,52%"
"15.11.2019","4,1957","4,1958","4,1962","4,1958","0,02%"
"14.11.2019","4,1949","4,1698","4,1993","4,1627","0,59%"
"13.11.2019","4,1702","4,1693","4,1904","4,1634","0,06%"
"12.11.2019","4,1675","4,1529","4,1878","4,1427","0,38%"
"11.11.2019","4,1516","4,1679","4,1716","4,1355","-0,28%"
"08.11.2019","4,1633","4,1146","4,1709","4,1081","1,53%"
"07.11.2019","4,1004","4,0840","4,1034","4,0420","0,42%"
"06.11.2019","4,0834","3,9935","4,0904","3,9753","2,25%"
"05.11.2019","3,9935","4,0123","4,0243","3,9831","-0,54%"
"04.11.2019","4,0152","3,9894","4,0199","3,9750","0,64%"
"01.11.2019","3,9897","4,0173","4,0211","3,9692","-0,69%"
"31.10.2019","4,0174","3,9925","4,0378","3,9637","0,70%"
"30.10.2019","3,9895","3,9990","4,0324","3,9815","-0,21%"
"29.10.2019","3,9980","3,9911","4,0052","3,9835","0,20%"
"28.10.2019","3,9902","4,0028","4,0098","3,9724","-0,32%"
"25.10.2019","4,0029","4,0420","4,0420","3,9914","-0,92%"
"24.10.2019","4,0401","4,0368","4,0458","3,9985","0,16%"
"23.10.2019","4,0337","4,0806","4,0925","4,0281","-1,18%"
"22.10.2019","4,0817","4,1294","4,1320","4,0609","-1,13%"
"21.10.2019","4,1285","4,1118","4,1523","4,1112","0,44%"
"18.10.2019","4,1105","4,1637","4,1657","4,1097","-1,26%"
"17.10.2019","4,1630","4,1509","4,1816","4,1263","0,30%"
"16.10.2019","4,1505","4,1803","4,1873","4,1469","-0,72%"
"15.10.2019","4,1805","4,1262","4,1817","4,1213","1,33%"
"14.10.2019","4,1255","4,1064","4,1382","4,1064","0,39%"
"11.10.2019","4,1094","4,1080","4,1266","4,0805","0,01%"
"10.10.2019","4,1089","4,1096","4,1378","4,0894","0,00%"
"09.10.2019","4,1089","4,0953","4,1112","4,0697","0,36%"
"08.10.2019","4,0942","4,1071","4,1132","4,0734","-0,31%"
"07.10.2019","4,1068","4,0561","4,1102","4,0560","1,27%"
"04.10.2019","4,0551","4,0842","4,0863","4,0498","-0,69%"
"03.10.2019","4,0832","4,1290","4,1304","4,0742","-1,10%"
"02.10.2019","4,1287","4,1575","4,1824","4,1272","-0,70%"
"01.10.2019","4,1578","4,1564","4,1858","4,1522","0,06%"
"30.09.2019","4,1551","4,1625","4,1722","4,1415","-0,12%"
"27.09.2019","4,1599","4,1705","4,1712","4,1445","-0,26%"
"26.09.2019","4,1707","4,1483","4,1733","4,1214","0,55%"
"25.09.2019","4,1477","4,1638","4,1948","4,1445","-0,41%"
"24.09.2019","4,1647","4,1642","4,1844","4,1536","0,04%"
"23.09.2019","4,1629","4,1500","4,1847","4,1444","0,38%"
"20.09.2019","4,1472","4,1673","4,1839","4,1459","-0,48%"
"19.09.2019","4,1672","4,1108","4,1690","4,1073","1,38%"
"18.09.2019","4,1106","4,0775","4,1146","4,0728","0,82%"
"17.09.2019","4,0773","4,0950","4,1174","4,0718","-0,07%"
"16.09.2019","4,0801","4,0858","4,1067","4,0750","-0,10%"
"13.09.2019","4,0840","4,0621","4,0957","4,0424","0,59%"
"12.09.2019","4,0602","4,0679","4,0710","4,0265","-0,17%"
"11.09.2019","4,0671","4,0807","4,0926","4,0511","-0,31%"
"10.09.2019","4,0798","4,0956","4,1297","4,0789","-0,35%"
"09.09.2019","4,0943","4,0630","4,1044","4,0477","0,83%"
"06.09.2019","4,0607","4,1086","4,1086","4,0534","-1,15%"
"05.09.2019","4,1081","4,0949","4,1152","4,0695","0,32%"
"04.09.2019","4,0948","4,1674","4,1678","4,0889","-1,75%"
"03.09.2019","4,1678","4,1858","4,1864","4,1505","-0,43%"
"02.09.2019","4,1857","4,1440","4,1894","4,1410","0,99%"
"30.08.2019","4,1445","4,1693","4,1712","4,1202","-0,58%"
"29.08.2019","4,1685","4,1691","4,1779","4,1423","0,02%"
"28.08.2019","4,1677","4,1264","4,1690","4,1263","0,91%"
"27.08.2019","4,1300","4,1573","4,1949","4,1206","-0,65%"
"26.08.2019","4,1569","4,1200","4,1693","4,1030","0,91%"
"23.08.2019","4,1196","4,0704","4,1324","4,0500","1,21%"
"22.08.2019","4,0704","4,0262","4,0818","4,0168","1,10%"
"21.08.2019","4,0260","4,0539","4,0549","4,0134","-0,66%"
"20.08.2019","4,0529","4,0743","4,0749","4,0261","-0,52%"
"19.08.2019","4,0740","4,0030","4,0760","3,9904","1,71%"
"16.08.2019","4,0054","3,9917","4,0083","3,9754","0,37%"
"15.08.2019","3,9908","4,0516","4,0522","3,9790","-1,52%"
"14.08.2019","4,0522","3,9637","4,0540","3,9630","2,21%"
"13.08.2019","3,9646","3,9849","4,0128","3,9448","-0,52%"
"12.08.2019","3,9853","3,9402","4,0132","3,9390","1,13%"
"09.08.2019","3,9406","3,9195","3,9502","3,9191","0,56%"
"08.08.2019","3,9188","3,9690","3,9697","3,9179","-1,24%"
"07.08.2019","3,9682","3,9615","3,9929","3,9450","0,20%"
"06.08.2019","3,9603","3,9760","3,9864","3,9358","-0,44%"
"05.08.2019","3,9778","3,8864","3,9789","3,8864","2,30%"
"02.08.2019","3,8883","3,8403","3,8935","3,8388","1,29%"
"01.08.2019","3,8388","3,8154","3,8612","3,8107","0,69%"
"31.07.2019","3,8125","3,7896","3,8238","3,7478","0,60%"
"30.07.2019","3,7896","3,7818","3,7998","3,7752","0,22%"
"29.07.2019","3,7813","3,7748","3,8012","3,7747","0,16%"
"26.07.2019","3,7753","3,7791","3,7945","3,7591","-0,08%"
"25.07.2019","3,7783","3,7740","3,8068","3,7550","0,15%"
"24.07.2019","3,7726","3,7742","3,7791","3,7519","-0,02%"
"23.07.2019","3,7735","3,7406","3,7801","3,7405","0,89%"
"22.07.2019","3,7403","3,7462","3,7483","3,7292","-0,21%"
"19.07.2019","3,7481","3,7188","3,7543","3,7188","0,79%"
"18.07.2019","3,7187","3,7641","3,7642","3,7178","-1,18%"
"17.07.2019","3,7632","3,7685","3,7687","3,7540","-0,13%"
"16.07.2019","3,7680","3,7552","3,7717","3,7517","0,33%"
"15.07.2019","3,7555","3,7365","3,7583","3,7278","0,53%"
"12.07.2019","3,7358","3,7563","3,7636","3,7296","-0,48%"
"11.07.2019","3,7540","3,7539","3,7672","3,7345","-0,01%"
"10.07.2019","3,7543","3,7887","3,7943","3,7503","-1,20%"
"09.07.2019","3,8000","3,8073","3,8073","3,8005","-0,17%"
"08.07.2019","3,8063","3,8160","3,8175","3,7988","-0,40%"
"05.07.2019","3,8215","3,8022","3,8386","3,7978","0,54%"
"04.07.2019","3,8008","3,8266","3,8300","3,7834","-0,65%"
"03.07.2019","3,8258","3,8456","3,8752","3,8150","-0,49%"
"02.07.2019","3,8447","3,8408","3,8812","3,8180","0,12%"
"01.07.2019","3,8401","3,8373","3,8492","3,8089","-0,30%"
"28.06.2019","3,8518","3,8193","3,8520","3,8136","0,85%"
"27.06.2019","3,8194","3,8461","3,8733","3,8172","-0,62%"
"26.06.2019","3,8433","3,8469","3,8586","3,8305","-0,12%"
"25.06.2019","3,8478","3,8272","3,8596","3,8182","0,60%"
"24.06.2019","3,8248","3,8220","3,8381","3,8066","0,15%"
"21.06.2019","3,8190","3,8317","3,8463","3,8127","-0,51%"
"20.06.2019","3,8386","3,8386","3,8395","3,8386","-0,01%"
"19.06.2019","3,8388","3,8606","3,8844","3,8383","-0,54%"
"18.06.2019","3,8595","3,8893","3,8893","3,8486","-0,74%"
"17.06.2019","3,8881","3,8977","3,9249","3,8797","-0,19%"
"14.06.2019","3,8956","3,8491","3,9139","3,8480","1,22%"
"13.06.2019","3,8485","3,8672","3,8674","3,8345","-0,48%"
"12.06.2019","3,8669","3,8574","3,8723","3,8296","0,26%"
"11.06.2019","3,8569","3,8870","3,8870","3,8423","-0,78%"
"10.06.2019","3,8874","3,8760","3,8996","3,8668","0,26%"
"07.06.2019","3,8774","3,8793","3,8858","3,8496","-0,05%"
"06.06.2019","3,8795","3,8812","3,8881","3,8567","-0,03%"
"05.06.2019","3,8808","3,8576","3,9039","3,8365","0,69%"
"04.06.2019","3,8542","3,8863","3,8898","3,8482","-0,80%"
"03.06.2019","3,8851","3,9232","3,9344","3,8822","-0,94%"
"31.05.2019","3,9218","3,9799","3,9986","3,9086","-1,50%"
"30.05.2019","3,9816","3,9743","3,9937","3,9544","0,19%"
"29.05.2019","3,9742","4,0248","4,0409","3,9679","-1,24%"
"28.05.2019","4,0243","4,0430","4,0541","4,0101","-0,41%"
"27.05.2019","4,0410","4,0131","4,0431","4,0040","0,49%"
"24.05.2019","4,0213","4,0416","4,0479","4,0086","-0,45%"
"23.05.2019","4,0394","4,0402","4,0716","4,0253","-0,01%"
"22.05.2019","4,0400","4,0394","4,0531","4,0068","0,03%"
"21.05.2019","4,0387","4,0967","4,1138","4,0331","-1,41%"
"20.05.2019","4,0963","4,1013","4,1221","4,0777","-0,08%"
"17.05.2019","4,0997","4,0479","4,1133","4,0474","1,31%"
"16.05.2019","4,0467","4,0013","4,0546","3,9938","1,14%"
"15.05.2019","4,0012","3,9764","4,0219","3,9736","0,67%"
"14.05.2019","3,9745","3,9935","3,9953","3,9660","-0,45%"
"13.05.2019","3,9925","3,9771","4,0050","3,9727","0,91%"
"10.05.2019","3,9566","3,9467","3,9738","3,9363","0,28%"
"09.05.2019","3,9456","3,9276","3,9815","3,9276","0,45%"
"08.05.2019","3,9279","3,9705","3,9783","3,9252","-1,06%"
"07.05.2019","3,9700","3,9705","4,0003","3,9639","0,04%"
"06.05.2019","3,9683","3,9383","3,9747","3,9378","0,77%"
"03.05.2019","3,9378","3,9667","3,9683","3,9306","-0,70%"
"02.05.2019","3,9654","3,9200","3,9721","3,9175","1,17%"
"01.05.2019","3,9195","3,9196","3,9220","3,9176","-0,03%"
"30.04.2019","3,9207","3,9455","3,9573","3,9128","-0,60%"
"29.04.2019","3,9442","3,9300","3,9461","3,9207","0,39%"
"26.04.2019","3,9288","3,9502","3,9759","3,9197","-0,61%"
"25.04.2019","3,9530","3,9910","4,0065","3,9462","-0,98%"
"24.04.2019","3,9922","3,9214","3,9943","3,9186","1,85%"
"23.04.2019","3,9197","3,9360","3,9642","3,9121","-0,41%"
"22.04.2019","3,9358","3,9270","3,9393","3,9130","0,25%"
"19.04.2019","3,9260","3,9272","3,9275","3,9272","-0,00%"
"18.04.2019","3,9261","3,9399","3,9518","3,9039","-0,28%"
"17.04.2019","3,9373","3,9051","3,9476","3,8856","0,88%"
"16.04.2019","3,9031","3,8724","3,9083","3,8681","0,80%"
"15.04.2019","3,8720","3,8819","3,8909","3,8591","-0,24%"
"12.04.2019","3,8812","3,8585","3,9081","3,8570","0,63%"
"11.04.2019","3,8570","3,8253","3,8633","3,8253","0,84%"
"10.04.2019","3,8247","3,8510","3,8549","3,8147","-0,66%"
"09.04.2019","3,8502","3,8495","3,8646","3,8459","0,03%"
"08.04.2019","3,8490","3,8728","3,8772","3,8417","-0,62%"
"05.04.2019","3,8730","3,8589","3,8768","3,8420","0,36%"
"04.04.2019","3,8590","3,8708","3,8876","3,8472","-0,28%"
"03.04.2019","3,8700","3,8538","3,8824","3,8327","0,42%"
"02.04.2019","3,8537","3,8523","3,8800","3,8483","0,05%"
"01.04.2019","3,8518","3,8897","3,8932","3,8492","-1,86%"
"29.03.2019","3,9247","3,9016","3,9347","3,8679","0,61%"
"28.03.2019","3,9010","3,9927","4,0159","3,8982","-2,32%"
"27.03.2019","3,9935","3,8739","4,0019","3,8725","3,00%"
"26.03.2019","3,8773","3,8529","3,8794","3,8333","0,59%"
"25.03.2019","3,8544","3,9047","3,9374","3,8438","-1,35%"
"22.03.2019","3,9071","3,7928","3,9169","3,7928","3,01%"
"21.03.2019","3,7930","3,7761","3,8382","3,7639","0,44%"
"20.03.2019","3,7763","3,7921","3,7994","3,7386","-0,34%"
"19.03.2019","3,7891","3,7912","3,8001","3,7647","-0,06%"
"18.03.2019","3,7915","3,8161","3,8277","3,7832","-0,60%"
"15.03.2019","3,8144","3,8453","3,8725","3,8081","-0,78%"
"14.03.2019","3,8443","3,8157","3,8556","3,8142","0,78%"
"13.03.2019","3,8147","3,8113","3,8352","3,7995","0,09%"
"12.03.2019","3,8114","3,8399","3,8445","3,8009","-0,75%"
"11.03.2019","3,8403","3,8678","3,8685","3,8342","-0,69%"
"08.03.2019","3,8668","3,8708","3,9032","3,8493","-0,09%"
"07.03.2019","3,8704","3,8405","3,9028","3,8159","0,79%"
"06.03.2019","3,8401","3,7763","3,8451","3,7746","1,71%"
"05.03.2019","3,7755","3,7755","3,7755","3,7755","0,00%"
"04.03.2019","3,7755","3,7742","3,7755","3,7742","0,01%"
"01.03.2019","3,7752","3,7511","3,7957","3,7456","0,63%"
"28.02.2019","3,7514","3,7258","3,7592","3,7171","0,61%"
"27.02.2019","3,7287","3,7444","3,7478","3,7217","-0,54%"
"26.02.2019","3,7489","3,7519","3,7666","3,7378","-0,09%"
"25.02.2019","3,7521","3,7468","3,7523","3,7193","0,10%"
"22.02.2019","3,7485","3,7683","3,7683","3,7262","-0,56%"
"21.02.2019","3,7696","3,7256","3,7721","3,7149","1,12%"
"20.02.2019","3,7277","3,7243","3,7372","3,6900","0,12%"
"19.02.2019","3,7231","3,7334","3,7449","3,7029","-0,33%"
"18.02.2019","3,7353","3,7012","3,7422","3,7012","0,93%"
"15.02.2019","3,7008","3,7203","3,7264","3,6983","-0,60%"
"14.02.2019","3,7233","3,7514","3,7952","3,7137","-0,83%"
"13.02.2019","3,7544","3,7104","3,7619","3,7104","1,20%"
"12.02.2019","3,7098","3,7437","3,7470","3,7021","-1,27%"
"11.02.2019","3,7577","3,7312","3,7747","3,7274","0,76%"
"08.02.2019","3,7292","3,7195","3,7477","3,7027","0,34%"
"07.02.2019","3,7167","3,6996","3,7375","3,6990","0,50%"
"06.02.2019","3,6983","3,6696","3,7161","3,6672","0,78%"
"05.02.2019","3,6698","3,6637","3,6846","3,6610","0,03%"
"04.02.2019","3,6687","3,6597","3,6877","3,6592","0,25%"
"01.02.2019","3,6597","3,6455","3,6822","3,6376","0,43%"
"31.01.2019","3,6440","3,6865","3,6865","3,6358","-1,11%"
"30.01.2019","3,6850","3,7205","3,7321","3,6741","-0,95%"
"29.01.2019","3,7202","3,7617","3,7648","3,7150","-1,11%"
"28.01.2019","3,7619","3,7780","3,7878","3,7500","-0,24%"
"25.01.2019","3,7708","3,7713","3,7713","3,7708","-0,07%"
"24.01.2019","3,7733","3,7746","3,7955","3,7381","0,19%"
"23.01.2019","3,7663","3,7943","3,8134","3,7561","-1,28%"
"22.01.2019","3,8152","3,7545","3,8173","3,7457","1,60%"
"21.01.2019","3,7550","3,7609","3,7811","3,7541","0,09%"
"18.01.2019","3,7517","3,7480","3,7743","3,7285","0,03%"
"17.01.2019","3,7504","3,7329","3,7744","3,7262","0,37%"
"16.01.2019","3,7366","3,7151","3,7381","3,7084","0,52%"
"15.01.2019","3,7172","3,7024","3,7325","3,6947","0,49%"
"14.01.2019","3,6991","3,7121","3,7357","3,6846","-0,33%"
"11.01.2019","3,7113","3,6943","3,7300","3,6913","0,02%"
"10.01.2019","3,7105","3,6807","3,7249","3,6746","0,81%"
"09.01.2019","3,6807","3,7138","3,7155","3,6743","-0,88%"
"08.01.2019","3,7133","3,7373","3,7412","3,7034","-0,60%"
"07.01.2019","3,7356","3,7139","3,7384","3,6898","0,54%"
"04.01.2019","3,7155","3,7593","3,7850","3,7088","-1,09%"
"03.01.2019","3,7565","3,7960","3,8074","3,7376","-0,88%"
"02.01.2019","3,7900","3,8786","3,8971","3,7828","-2,35%"
"01.01.2019","3,8813","3,8813","3,8813","3,8813","0,00%"
"31.12.2018","3,8813","3,8813","3,8813","3,8813","0,00%"
"28.12.2018","3,8813","3,8769","3,8956","3,8298","0,20%"
"27.12.2018","3,8735","3,9202","3,9456","3,8685","-1,24%"
"26.12.2018","3,9220","3,9040","3,9405","3,8918","0,46%"
"25.12.2018","3,9040","3,9040","3,9040","3,9040","0,00%"
"24.12.2018","3,9040","3,9040","3,9040","3,9040","0,00%"
"21.12.2018","3,9040","3,8408","3,9071","3,8393","1,61%"
"20.12.2018","3,8422","3,8971","3,8971","3,8327","-1,42%"
"19.12.2018","3,8977","3,9015","3,9138","3,8634","-0,38%"
"18.12.2018","3,9124","3,8970","3,9173","3,8836","0,33%"
"17.12.2018","3,8995","3,9173","3,9285","3,8772","-0,45%"
"14.12.2018","3,9171","3,9113","3,9210","3,8877","0,67%"
"13.12.2018","3,8911","3,8551","3,8974","3,8507","0,92%"
"12.12.2018","3,8555","3,8936","3,8997","3,8362","-1,24%"
"11.12.2018","3,9040","3,9202","3,9226","3,8876","-0,36%"
"10.12.2018","3,9181","3,9076","3,9455","3,8914","0,27%"
"07.12.2018","3,9075","3,8817","3,9239","3,8571","0,73%"
"06.12.2018","3,8793","3,8910","3,9445","3,8733","0,28%"
"05.12.2018","3,8686","3,8517","3,8832","3,8341","0,42%"
"04.12.2018","3,8525","3,8290","3,8675","3,8177","0,27%"
"03.12.2018","3,8423","3,8677","3,8677","3,8161","-0,64%"
"30.11.2018","3,8669","3,8496","3,8888","3,8380","0,37%"
"29.11.2018","3,8527","3,8516","3,8752","3,8331","0,04%"
"28.11.2018","3,8510","3,8790","3,8878","3,8317","-0,62%"
"27.11.2018","3,8752","3,9228","3,9241","3,8619","-1,67%"
"26.11.2018","3,9410","3,8184","3,9452","3,8171","2,94%"
"23.11.2018","3,8283","3,8035","3,8306","3,7948","0,63%"
"22.11.2018","3,8045","3,7904","3,8269","3,7902","0,18%"
"21.11.2018","3,7976","3,7560","3,8034","3,7560","1,08%"
"20.11.2018","3,7572","3,7563","3,7572","3,7563","0,01%"
"19.11.2018","3,7570","3,7473","3,7736","3,7427","0,36%"
"16.11.2018","3,7435","3,7723","3,7827","3,7296","-1,08%"
"15.11.2018","3,7843","3,7843","3,7843","3,7843","0,01%"
"14.11.2018","3,7841","3,8032","3,8194","3,7661","-0,50%"
"13.11.2018","3,8032","3,7561","3,8313","3,7529","0,95%"
"12.11.2018","3,7675","3,7487","3,7696","3,7361","0,91%"
"09.11.2018","3,7335","3,7610","3,7750","3,7252","-0,72%"
"08.11.2018","3,7605","3,7297","3,7642","3,7158","0,77%"
"07.11.2018","3,7318","3,7618","3,7874","3,7220","-0,79%"
"06.11.2018","3,7615","3,7270","3,7701","3,7237","0,95%"
"05.11.2018","3,7262","3,6968","3,7326","3,6910","0,80%"
"02.11.2018","3,6968","3,7039","3,7039","3,6963","-0,12%"
"01.11.2018","3,7012","3,7231","3,7241","3,6799","-0,56%"
"31.10.2018","3,7220","3,6969","3,7445","3,6854","0,67%"
"30.10.2018","3,6974","3,7175","3,7359","3,6768","-0,57%"
"29.10.2018","3,7187","3,6437","3,7226","3,5819","2,08%"
"26.10.2018","3,6429","3,7059","3,7302","3,6395","-1,70%"
"25.10.2018","3,7058","3,7361","3,7361","3,6818","-0,78%"
"24.10.2018","3,7350","3,6950","3,7475","3,6827","1,10%"
"23.10.2018","3,6942","3,6883","3,7237","3,6856","0,22%"
"22.10.2018","3,6860","3,6954","3,7214","3,6698","-0,78%"
"19.10.2018","3,7149","3,7220","3,7273","3,6875","-0,18%"
"18.10.2018","3,7216","3,6875","3,7313","3,6726","0,92%"
"17.10.2018","3,6875","3,7242","3,7460","3,6640","-1,01%"
"16.10.2018","3,7252","3,7355","3,7363","3,6913","-0,28%"
"15.10.2018","3,7357","3,7561","3,7645","3,7125","-1,25%"
"12.10.2018","3,7830","3,7838","3,7838","3,7824","0,05%"
"11.10.2018","3,7812","3,7565","3,7858","3,7159","0,68%"
"10.10.2018","3,7555","3,7163","3,7687","3,7109","1,08%"
"09.10.2018","3,7155","3,7818","3,7911","3,7005","-1,68%"
"08.10.2018","3,7790","3,7275","3,7826","3,7094","-1,62%"
"05.10.2018","3,8413","3,8742","3,8950","3,8376","-0,86%"
"04.10.2018","3,8745","3,9017","3,9355","3,8732","-0,69%"
"03.10.2018","3,9015","3,9415","3,9415","3,8220","-1,01%"
"02.10.2018","3,9414","4,0186","4,0188","3,9058","-1,91%"
"01.10.2018","4,0181","4,0500","4,0633","4,0037","-0,77%"
"28.09.2018","4,0491","4,0147","4,0580","3,9898","0,92%"
"27.09.2018","4,0123","4,0343","4,0553","3,9665","-0,49%"
"26.09.2018","4,0322","4,0792","4,0945","4,0095","-1,07%"
"25.09.2018","4,0757","4,0893","4,1418","4,0682","-0,42%"
"24.09.2018","4,0928","4,0656","4,0975","4,0362","1,02%"
"21.09.2018","4,0516","4,0770","4,0958","4,0278","-0,63%"
"20.09.2018","4,0771","4,1273","4,1311","4,0671","-1,32%"
"19.09.2018","4,1315","4,1631","4,1762","4,0976","-0,69%"
"18.09.2018","4,1604","4,1342","4,1651","4,1174","0,68%"
"17.09.2018","4,1324","4,1744","4,2041","4,1159","-1,00%"
"14.09.2018","4,1742","4,2063","4,2105","4,1579","-0,80%"
"13.09.2018","4,2077","4,1616","4,2101","4,1244","1,20%"
"12.09.2018","4,1579","4,1528","4,1677","4,1106","0,11%"
"11.09.2018","4,1535","4,0864","4,1798","4,0864","1,63%"
"10.09.2018","4,0867","4,0679","4,1280","4,0524","0,67%"
"07.09.2018","4,0597","4,0597","4,0597","4,0597","0,02%"
"06.09.2018","4,0590","4,1448","4,1658","4,0357","-2,11%"
"05.09.2018","4,1466","4,1570","4,1863","4,1119","-0,33%"
"04.09.2018","4,1602","4,1566","4,1908","4,1375","0,03%"
"03.09.2018","4,1590","4,0926","4,1606","4,0916","2,55%"
"31.08.2018","4,0556","4,1486","4,1776","4,0532","-2,26%"
"30.08.2018","4,1495","4,1057","4,2150","4,1029","1,02%"
"29.08.2018","4,1074","4,1389","4,1647","4,1016","-0,65%"
"28.08.2018","4,1342","4,0797","4,1475","4,0617","1,39%"
"27.08.2018","4,0775","4,1055","4,1144","4,0470","-0,60%"
"24.08.2018","4,1020","4,1146","4,1326","4,0720","-0,33%"
"23.08.2018","4,1155","4,0418","4,1284","4,0408","1,81%"
"22.08.2018","4,0425","4,0507","4,0915","4,0312","-0,13%"
"21.08.2018","4,0477","3,9697","4,0533","3,9558","1,96%"
"20.08.2018","3,9700","3,9139","3,9715","3,9139","1,49%"
"17.08.2018","3,9116","3,9078","3,9537","3,9036","0,11%"
"16.08.2018","3,9072","3,9055","3,9297","3,8672","0,04%"
"15.08.2018","3,9055","3,8665","3,9275","3,8660","0,99%"
"14.08.2018","3,8673","3,8849","3,9038","3,8590","-0,43%"
"13.08.2018","3,8840","3,8585","3,9292","3,8585","0,63%"
"10.08.2018","3,8596","3,8020","3,8746","3,8009","1,53%"
"09.08.2018","3,8015","3,7718","3,8217","3,7718","0,78%"
"08.08.2018","3,7721","3,7525","3,7734","3,7355","0,55%"
"07.08.2018","3,7515","3,7370","3,7723","3,7033","0,41%"
"06.08.2018","3,7363","3,7048","3,7372","3,6902","0,76%"
"03.08.2018","3,7080","3,7519","3,7539","3,7000","-1,13%"
"02.08.2018","3,7503","3,7520","3,7822","3,7491","0,01%"
"01.08.2018","3,7499","3,7565","3,7703","3,7310","-0,17%"
"31.07.2018","3,7563","3,7300","3,7645","3,7220","0,69%"
"30.07.2018","3,7307","3,7139","3,7323","3,6956","0,52%"
"27.07.2018","3,7114","3,7464","3,7477","3,7065","-0,93%"
"26.07.2018","3,7462","3,6886","3,7483","3,6886","1,56%"
"25.07.2018","3,6886","3,7483","3,7485","3,6886","-1,59%"
"24.07.2018","3,7481","3,7833","3,7872","3,7321","-0,91%"
"23.07.2018","3,7826","3,7662","3,8028","3,7662","0,38%"
"20.07.2018","3,7681","3,8319","3,8319","3,7584","-1,60%"
"19.07.2018","3,8295","3,8495","3,8923","3,8225","-0,56%"
"18.07.2018","3,8512","3,8373","3,8647","3,8190","0,32%"
"17.07.2018","3,8388","3,8634","3,8801","3,8386","-0,56%"
"16.07.2018","3,8605","3,8516","3,8742","3,8337","0,23%"
"13.07.2018","3,8518","3,8821","3,9005","3,8441","-0,78%"
"12.07.2018","3,8822","3,8744","3,9030","3,8373","0,13%"
"11.07.2018","3,8773","3,8169","3,8859","3,8135","1,63%"
"10.07.2018","3,8152","3,8836","3,8872","3,7936","-1,48%"
"09.07.2018","3,8727","3,8653","3,8727","3,8649","0,26%"
"06.07.2018","3,8628","3,9322","3,9529","3,8594","-1,78%"
"05.07.2018","3,9327","3,9133","3,9417","3,8855","0,49%"
"04.07.2018","3,9137","3,8941","3,9194","3,8855","0,42%"
"03.07.2018","3,8975","3,9125","3,9152","3,8731","-0,39%"
"02.07.2018","3,9129","3,8790","3,9207","3,8761","0,92%"
"29.06.2018","3,8771","3,8582","3,8801","3,8283","0,38%"
"28.06.2018","3,8624","3,8611","3,8779","3,8350","-0,01%"
"27.06.2018","3,8628","3,7990","3,8773","3,7904","1,61%"
"26.06.2018","3,8016","3,7740","3,8033","3,7612","0,66%"
"25.06.2018","3,7767","3,7887","3,7887","3,7618","-0,25%"
"22.06.2018","3,7860","3,7687","3,7896","3,7353","0,45%"
"21.06.2018","3,7691","3,7697","3,8048","3,7535","-0,06%"
"20.06.2018","3,7715","3,7447","3,7868","3,7058","0,65%"
"19.06.2018","3,7471","3,7471","3,7864","3,7178","0,00%"
"18.06.2018","3,7470","3,7310","3,7661","3,7282","0,47%"
"15.06.2018","3,7296","3,8060","3,8060","3,7147","-2,01%"
"14.06.2018","3,8060","3,7208","3,8161","3,6862","2,31%"
"13.06.2018","3,7201","3,7180","3,7386","3,6845","0,04%"
"12.06.2018","3,7185","3,7075","3,7300","3,6685","0,24%"
"11.06.2018","3,7097","3,7101","3,7306","3,6714","0,01%"
"08.06.2018","3,7094","3,9032","3,9068","3,6928","-5,08%"
"07.06.2018","3,9078","3,8489","3,9684","3,8466","1,53%"
"06.06.2018","3,8488","3,8086","3,8555","3,8049","1,10%"
"05.06.2018","3,8068","3,7452","3,8176","3,7452","1,60%"
"04.06.2018","3,7468","3,7663","3,7671","3,7260","-0,44%"
"01.06.2018","3,7633","3,7250","3,7706","3,7207","1,07%"
"31.05.2018","3,7235","3,7251","3,7272","3,7235","-0,02%"
"30.05.2018","3,7241","3,7249","3,7678","3,6794","-0,03%"
"29.05.2018","3,7254","3,7346","3,7702","3,7117","-0,26%"
"28.05.2018","3,7352","3,6522","3,7465","3,6520","2,27%"
"25.05.2018","3,6524","3,6463","3,6791","3,6425","0,08%"
"24.05.2018","3,6496","3,6275","3,6564","3,6273","0,57%"
"23.05.2018","3,6288","3,6452","3,6799","3,6166","-0,44%"
"22.05.2018","3,6448","3,6772","3,6789","3,6265","-0,88%"
"21.05.2018","3,6772","3,7370","3,7382","3,6709","-1,60%"
"18.05.2018","3,7370","3,6976","3,7772","3,6947","1,09%"
"17.05.2018","3,6966","3,6749","3,7136","3,6444","0,56%"
"16.05.2018","3,6761","3,6536","3,6955","3,6528","0,60%"
"15.05.2018","3,6540","3,6239","3,6942","3,6218","0,85%"
"14.05.2018","3,6231","3,5992","3,6412","3,5729","0,64%"
"11.05.2018","3,5999","3,5495","3,6130","3,5434","1,40%"
"10.05.2018","3,5502","3,5937","3,5950","3,5424","-1,17%"
"09.05.2018","3,5924","3,5638","3,6101","3,5591","0,81%"
"08.05.2018","3,5636","3,5514","3,5941","3,5509","0,29%"
"07.05.2018","3,5534","3,5316","3,5598","3,5316","0,65%"
"04.05.2018","3,5303","3,5274","3,5494","3,5141","0,06%"
"03.05.2018","3,5282","3,5507","3,5673","3,5199","-0,66%"
"02.05.2018","3,5518","3,5078","3,5547","3,5078","1,26%"
"01.05.2018","3,5076","3,5075","3,5078","3,5074","0,01%"
"30.04.2018","3,5072","3,4569","3,5095","3,4569","1,46%"
"27.04.2018","3,4568","3,4764","3,4816","3,4533","-0,54%"
"26.04.2018","3,4755","3,4851","3,5088","3,4745","-0,27%"
"25.04.2018","3,4850","3,4742","3,5160","3,4706","0,39%"
"24.04.2018","3,4714","3,4520","3,4813","3,4354","0,54%"
"23.04.2018","3,4527","3,4142","3,4538","3,4142","1,16%"
"20.04.2018","3,4130","3,3847","3,4182","3,3841","0,72%"
"19.04.2018","3,3885","3,3811","3,4106","3,3802","0,24%"
"18.04.2018","3,3805","3,4080","3,4097","3,3729","-0,81%"
"17.04.2018","3,4080","3,4215","3,4217","3,3887","-0,33%"
"16.04.2018","3,4194","3,4251","3,4362","3,4057","-0,08%"
"13.04.2018","3,4223","3,4122","3,4308","3,3963","0,26%"
"12.04.2018","3,4133","3,3752","3,4202","3,3651","1,15%"
"11.04.2018","3,3746","3,4066","3,4247","3,3727","-1,00%"
"10.04.2018","3,4088","3,4216","3,4357","3,4001","-0,33%"
"09.04.2018","3,4200","3,3697","3,4247","3,3641","1,49%"
"06.04.2018","3,3697","3,3453","3,3807","3,3424","0,74%"
"05.04.2018","3,3449","3,3310","3,3500","3,2961","0,46%"
"04.04.2018","3,3297","3,3411","3,3685","3,3269","-0,35%"
"03.04.2018","3,3413","3,3095","3,3443","3,3026","0,91%"
"02.04.2018","3,3112","3,3056","3,3251","3,2973","0,18%"
"30.03.2018","3,3051","3,3044","3,3051","3,3040","-0,03%"
"29.03.2018","3,3060","3,3211","3,3295","3,2926","-0,44%"
"28.03.2018","3,3205","3,3288","3,3469","3,3195","-0,25%"
"27.03.2018","3,3288","3,3120","3,3371","3,3098","0,51%"
"26.03.2018","3,3119","3,3139","3,3146","3,2923","-0,01%"
"23.03.2018","3,3123","3,3157","3,3190","3,2936","-0,11%"
"22.03.2018","3,3159","3,2727","3,3176","3,2719","1,33%"
"21.03.2018","3,2725","3,3127","3,3132","3,2635","-1,18%"
"20.03.2018","3,3117","3,2858","3,3119","3,2788","0,78%"
"19.03.2018","3,2862","3,2790","3,2969","3,2790","0,16%"
"16.03.2018","3,2811","3,2862","3,2997","3,2719","-0,16%"
"15.03.2018","3,2862","3,2626","3,2980","3,2614","0,78%"
"14.03.2018","3,2607","3,2614","3,2679","3,2466","0,00%"
"13.03.2018","3,2607","3,2622","3,2660","3,2372","-0,05%"
"12.03.2018","3,2622","3,2561","3,2685","3,2500","0,21%"
"09.03.2018","3,2553","3,2669","3,2708","3,2390","-0,36%"
"08.03.2018","3,2669","3,2448","3,2703","3,2390","0,66%"
"07.03.2018","3,2454","3,2117","3,2486","3,2099","1,05%"
"06.03.2018","3,2117","3,2430","3,2439","3,2055","-0,97%"
"05.03.2018","3,2430","3,2528","3,2640","3,2415","-0,30%"
"02.03.2018","3,2528","3,2516","3,2672","3,2480","0,04%"
"01.03.2018","3,2515","3,2462","3,2715","3,2383","0,16%"
"28.02.2018","3,2462","3,2516","3,2540","3,2349","-0,17%"
"27.02.2018","3,2516","3,2243","3,2555","3,2217","0,80%"
"26.02.2018","3,2258","3,2379","3,2426","3,2224","-0,37%"
"23.02.2018","3,2379","3,2502","3,2510","3,2322","-0,38%"
"22.02.2018","3,2502","3,2687","3,2738","3,2420","-0,58%"
"21.02.2018","3,2692","3,2572","3,2729","3,2423","0,41%"
"20.02.2018","3,2557","3,2340","3,2614","3,2340","0,65%"
"19.02.2018","3,2346","3,2308","3,2384","3,2222","0,11%"
"16.02.2018","3,2312","3,2323","3,2477","3,2021","0,10%"
"15.02.2018","3,2279","3,2197","3,2412","3,1980","0,33%"
"14.02.2018","3,2174","3,2927","3,2971","3,2159","-2,38%"
"13.02.2018","3,2957","3,2957","3,2957","3,2957","0,01%"
"12.02.2018","3,2954","3,2954","3,2954","3,2954","0,04%"
"09.02.2018","3,2942","3,2860","3,3188","3,2673","0,26%"
"08.02.2018","3,2858","3,2714","3,3030","3,2558","0,44%"
"07.02.2018","3,2714","3,2480","3,2836","3,2371","1,13%"
"06.02.2018","3,2348","3,2628","3,2782","3,2322","-0,85%"
"05.02.2018","3,2625","3,2181","3,2657","3,2130","1,38%"
"02.02.2018","3,2181","3,1671","3,2234","3,1671","1,62%"
"01.02.2018","3,1669","3,1854","3,1964","3,1613","-0,60%"
"31.01.2018","3,1859","3,1839","3,1951","3,1454","0,15%"
"30.01.2018","3,1812","3,1550","3,1949","3,1477","0,83%"
"29.01.2018","3,1550","3,1530","3,1718","3,1530","0,13%"
"26.01.2018","3,1510","3,1481","3,1560","3,1195","0,08%"
"25.01.2018","3,1485","3,1464","3,1485","3,1464","0,06%"
"24.01.2018","3,1465","3,2375","3,2400","3,1345","-2,80%"
"23.01.2018","3,2370","3,2036","3,2441","3,2012","1,09%"
"22.01.2018","3,2021","3,1961","3,2113","3,1816","0,18%"
"19.01.2018","3,1962","3,2082","3,2149","3,1936","-0,32%"
"18.01.2018","3,2065","3,2240","3,2245","3,2011","-0,54%"
"17.01.2018","3,2238","3,2264","3,2386","3,2113","-0,02%"
"16.01.2018","3,2243","3,2168","3,2377","3,2114","0,25%"
"15.01.2018","3,2163","3,2054","3,2206","3,1912","0,31%"
"12.01.2018","3,2064","3,2161","3,2305","3,1989","-0,28%"
"11.01.2018","3,2155","3,2283","3,2401","3,2117","-0,40%"
"10.01.2018","3,2283","3,2519","3,2557","3,2252","-0,62%"
"09.01.2018","3,2483","3,2413","3,2553","3,2291","0,23%"
"08.01.2018","3,2407","3,2289","3,2445","3,2227","0,36%"
"05.01.2018","3,2292","3,2348","3,2494","3,2262","-0,17%"
"04.01.2018","3,2346","3,2374","3,2428","3,2214","-0,07%"
"03.01.2018","3,2370","3,2590","3,2680","3,2311","-0,68%"
"02.01.2018","3,2591","3,3136","3,3136","3,2569","-1,61%"
"01.01.2018","3,3125","3,3125","3,3125","3,3125","0,00%"
"29.12.2017","3,3125","3,3125","3,3125","3,3125","0,00%"
"28.12.2017","3,3125","3,3152","3,3176","3,2946","-0,08%"
"27.12.2017","3,3150","3,3106","3,3220","3,2916","0,12%"
"26.12.2017","3,3111","3,3376","3,3376","3,3062","-0,78%"
"25.12.2017","3,3370","3,3370","3,3370","3,3370","0,00%"
"22.12.2017","3,3370","3,3091","3,3401","3,3034","0,86%"
"21.12.2017","3,3084","3,2978","3,3170","3,2901","0,32%"
"20.12.2017","3,2979","3,2911","3,3008","3,2807","0,24%"
"19.12.2017","3,2900","3,2923","3,3079","3,2811","-0,07%"
"18.12.2017","3,2923","3,2947","3,3009","3,2780","-0,07%"
"15.12.2017","3,2947","3,3336","3,3374","3,2942","-1,41%"
"14.12.2017","3,3419","3,3234","3,3476","3,3100","0,96%"
"13.12.2017","3,3100","3,3070","3,3321","3,2877","0,11%"
"12.12.2017","3,3065","3,3055","3,3334","3,2963","0,05%"
"11.12.2017","3,3048","3,2912","3,3060","3,2726","0,39%"
"08.12.2017","3,2919","3,2768","3,3105","3,2648","0,04%"
"07.12.2017","3,2907","3,2477","3,3182","3,2468","1,70%"
"06.12.2017","3,2357","3,2415","3,2493","3,2241","-0,19%"
"05.12.2017","3,2418","3,2447","3,2470","3,2197","-0,07%"
"04.12.2017","3,2442","3,2581","3,2623","3,2418","-0,43%"
"01.12.2017","3,2581","3,2727","3,2851","3,2479","-0,45%"
"30.11.2017","3,2727","3,2465","3,2883","3,2350","0,82%"
"29.11.2017","3,2461","3,2132","3,2473","3,2002","1,03%"
"28.11.2017","3,2131","3,2325","3,2325","3,2019","-0,46%"
"27.11.2017","3,2278","3,2330","3,2331","3,2130","-0,16%"
"24.11.2017","3,2330","3,2218","3,2360","3,2212","0,34%"
"23.11.2017","3,2219","3,2241","3,2428","3,2183","-0,07%"
"22.11.2017","3,2243","3,2570","3,2646","3,2213","-1,06%"
"21.11.2017","3,2588","3,2593","3,2657","3,2390","0,04%"
"20.11.2017","3,2574","3,2574","3,2574","3,2574","0,00%"
"17.11.2017","3,2574","3,2726","3,2884","3,2546","-0,51%"
"16.11.2017","3,2740","3,3130","3,3132","3,2677","-1,19%"
"15.11.2017","3,3133","3,3133","3,3133","3,3133","0,01%"
"14.11.2017","3,3131","3,2805","3,3178","3,2662","1,03%"
"13.11.2017","3,2794","3,2821","3,3005","3,2760","0,05%"
"10.11.2017","3,2779","3,2529","3,2841","3,2501","0,79%"
"09.11.2017","3,2521","3,2546","3,2665","3,2359","-0,08%"
"08.11.2017","3,2548","3,2723","3,2723","3,2401","-0,51%"
"07.11.2017","3,2714","3,2495","3,2884","3,2495","0,67%"
"06.11.2017","3,2495","3,3144","3,3144","3,2476","-1,96%"
"03.11.2017","3,3144","3,2664","3,3350","3,2482","1,42%"
"02.11.2017","3,2680","3,2683","3,2683","3,2680","0,01%"
"01.11.2017","3,2677","3,2727","3,2927","3,2565","-0,15%"
"31.10.2017","3,2727","3,2891","3,3018","3,2645","-0,50%"
"30.10.2017","3,2891","3,2367","3,2892","3,2344","1,63%"
"27.10.2017","3,2363","3,2902","3,3030","3,2342","-1,65%"
"26.10.2017","3,2906","3,2332","3,2978","3,2287","1,78%"
"25.10.2017","3,2332","3,2441","3,2599","3,2283","-0,32%"
"24.10.2017","3,2435","3,2389","3,2670","3,2239","0,18%"
"23.10.2017","3,2378","3,1929","3,2387","3,1893","1,42%"
"20.10.2017","3,1926","3,1665","3,1980","3,1665","0,81%"
"19.10.2017","3,1671","3,1721","3,1793","3,1625","-0,13%"
"18.10.2017","3,1711","3,1582","3,1817","3,1556","0,41%"
"17.10.2017","3,1580","3,1712","3,1838","3,1580","-0,42%"
"16.10.2017","3,1712","3,1454","3,1740","3,1441","0,83%"
"13.10.2017","3,1452","3,1730","3,1803","3,1437","-0,80%"
"12.10.2017","3,1705","3,1721","3,1727","3,1705","-0,06%"
"11.10.2017","3,1724","3,1795","3,1799","3,1599","-0,22%"
"10.10.2017","3,1795","3,1890","3,1890","3,1618","-0,29%"
"09.10.2017","3,1888","3,1563","3,1900","3,1558","1,04%"
"06.10.2017","3,1561","3,1547","3,1784","3,1496","0,05%"
"05.10.2017","3,1545","3,1319","3,1566","3,1244","0,62%"
"04.10.2017","3,1351","3,1456","3,1456","3,1221","-0,24%"
"03.10.2017","3,1427","3,1545","3,1656","3,1410","-0,37%"
"02.10.2017","3,1545","3,1644","3,1791","3,1513","-0,23%"
"29.09.2017","3,1619","3,1827","3,1906","3,1562","-0,65%"
"28.09.2017","3,1825","3,1934","3,2003","3,1772","-0,34%"
"27.09.2017","3,1932","3,1669","3,1986","3,1665","0,84%"
"26.09.2017","3,1666","3,1592","3,1752","3,1522","0,21%"
"25.09.2017","3,1599","3,1326","3,1618","3,1260","1,12%"
"22.09.2017","3,1250","3,1376","3,1397","3,1223","-0,40%"
"21.09.2017","3,1377","3,1332","3,1473","3,1256","0,17%"
"20.09.2017","3,1325","3,1354","3,1394","3,1136","-0,08%"
"19.09.2017","3,1351","3,1362","3,1402","3,1244","-0,05%"
"18.09.2017","3,1368","3,1108","3,1388","3,1079","0,91%"
"15.09.2017","3,1085","3,1196","3,1323","3,1085","-0,34%"
"14.09.2017","3,1190","3,1360","3,1510","3,1127","-0,52%"
"13.09.2017","3,1353","3,1248","3,1445","3,1222","0,32%"
"12.09.2017","3,1252","3,1031","3,1387","3,1029","0,72%"
"11.09.2017","3,1029","3,0903","3,1082","3,0791","0,52%"
"08.09.2017","3,0867","3,0852","3,0995","3,0819","-0,41%"
"07.09.2017","3,0993","3,1002","3,1002","3,0993","-0,04%"
"06.09.2017","3,1004","3,1168","3,1210","3,0987","-0,55%"
"05.09.2017","3,1174","3,1416","3,1427","3,1122","-0,77%"
"04.09.2017","3,1417","3,1404","3,1450","3,1327","0,00%"
"01.09.2017","3,1416","3,1477","3,1488","3,1223","-0,20%"
"31.08.2017","3,1479","3,1597","3,1702","3,1372","-0,39%"
"30.08.2017","3,1603","3,1656","3,1766","3,1559","-0,15%"
"29.08.2017","3,1652","3,1677","3,1766","3,1582","-0,06%"
"28.08.2017","3,1670","3,1592","3,1675","3,1483","0,21%"
"25.08.2017","3,1603","3,1484","3,1629","3,1357","0,39%"
"24.08.2017","3,1481","3,1414","3,1509","3,1330","0,21%"
"23.08.2017","3,1414","3,1618","3,1705","3,1340","-0,62%"
"22.08.2017","3,1611","3,1649","3,1910","3,1466","-0,11%"
"21.08.2017","3,1645","3,1488","3,1723","3,1361","0,57%"
"18.08.2017","3,1465","3,1751","3,1761","3,1404","-0,90%"
"17.08.2017","3,1751","3,1534","3,1824","3,1524","0,72%"
"16.08.2017","3,1524","3,1693","3,1782","3,1454","-0,54%"
"15.08.2017","3,1695","3,1892","3,2060","3,1657","-0,61%"
"14.08.2017","3,1890","3,1764","3,2059","3,1734","-0,15%"
"11.08.2017","3,1938","3,1755","3,2210","3,1547","0,57%"
"10.08.2017","3,1757","3,1557","3,1787","3,1466","0,63%"
"09.08.2017","3,1559","3,1271","3,1587","3,1263","0,93%"
"08.08.2017","3,1269","3,1265","3,1383","3,1189","0,01%"
"07.08.2017","3,1265","3,1311","3,1345","3,1204","-0,15%"
"04.08.2017","3,1313","3,1126","3,1338","3,1079","0,60%"
"03.08.2017","3,1126","3,1134","3,1271","3,1096","-0,04%"
"02.08.2017","3,1137","3,1261","3,1382","3,1126","-0,41%"
"01.08.2017","3,1265","3,1277","3,1315","3,1079","0,00%"
"31.07.2017","3,1264","3,1325","3,1442","3,1138","-0,18%"
"28.07.2017","3,1319","3,1525","3,1600","3,1283","-0,67%"
"27.07.2017","3,1530","3,1382","3,1600","3,1382","0,46%"
"26.07.2017","3,1387","3,1728","3,1772","3,1349","-1,07%"
"25.07.2017","3,1726","3,1471","3,1736","3,1364","0,81%"
"24.07.2017","3,1470","3,1405","3,1538","3,1341","0,17%"
"21.07.2017","3,1418","3,1202","3,1454","3,1099","0,67%"
"20.07.2017","3,1208","3,1494","3,1557","3,1183","-0,90%"
"19.07.2017","3,1490","3,1559","3,1639","3,1444","-0,17%"
"18.07.2017","3,1545","3,1835","3,1837","3,1536","-0,90%"
"17.07.2017","3,1833","3,1809","3,1878","3,1761","0,11%"
"14.07.2017","3,1799","3,2125","3,2125","3,1782","-1,05%"
"13.07.2017","3,2138","3,2081","3,2218","3,2024","0,18%"
"12.07.2017","3,2079","3,2548","3,2553","3,2050","-1,44%"
"11.07.2017","3,2548","3,2558","3,2697","3,2462","-0,03%"
"10.07.2017","3,2557","3,2805","3,2818","3,2551","-0,78%"
"07.07.2017","3,2813","3,2996","3,3068","3,2679","-0,45%"
"06.07.2017","3,2962","3,2886","3,3211","3,2883","0,22%"
"05.07.2017","3,2889","3,3089","3,3314","3,2889","-0,62%"
"04.07.2017","3,3093","3,3018","3,3108","3,2982","0,24%"
"03.07.2017","3,3015","3,3196","3,3246","3,2938","-0,17%"
"30.06.2017","3,3072","3,3049","3,3165","3,2866","0,09%"
"29.06.2017","3,3043","3,2807","3,3150","3,2708","0,73%"
"28.06.2017","3,2805","3,3133","3,3152","3,2788","-1,00%"
"27.06.2017","3,3135","3,2974","3,3347","3,2968","0,52%"
"26.06.2017","3,2963","3,3445","3,3445","3,2950","-1,40%"
"23.06.2017","3,3430","3,3413","3,3443","3,3257","0,01%"
"22.06.2017","3,3425","3,3357","3,3495","3,3226","0,19%"
"21.06.2017","3,3363","3,3258","3,3373","3,3140","0,28%"
"20.06.2017","3,3270","3,2824","3,3439","3,2824","1,35%"
"19.06.2017","3,2828","3,2902","3,3146","3,2801","-0,32%"
"16.06.2017","3,2933","3,2898","3,2973","3,2786","0,56%"
"15.06.2017","3,2750","3,2743","3,2752","3,2743","0,02%"
"14.06.2017","3,2742","3,3150","3,3165","3,2635","-1,24%"
"13.06.2017","3,3154","3,3184","3,3342","3,2974","-0,08%"
"12.06.2017","3,3181","3,2961","3,3266","3,2747","0,64%"
"09.06.2017","3,2971","3,2620","3,2986","3,2561","1,09%"
"08.06.2017","3,2617","3,2699","3,2895","3,2617","-0,24%"
"07.06.2017","3,2695","3,2783","3,2869","3,2652","-0,25%"
"06.06.2017","3,2778","3,2973","3,3020","3,2725","-0,58%"
"05.06.2017","3,2969","3,2462","3,2974","3,2462","1,50%"
"02.06.2017","3,2483","3,2511","3,2597","3,2207","-0,07%"
"01.06.2017","3,2506","3,2273","3,2553","3,2151","0,74%"
"31.05.2017","3,2266","3,2576","3,2603","3,2245","-0,95%"
"30.05.2017","3,2577","3,2569","3,2722","3,2544","0,03%"
"29.05.2017","3,2567","3,2666","3,2771","3,2567","-0,10%"
"26.05.2017","3,2601","3,2742","3,2761","3,2516","-0,41%"
"25.05.2017","3,2736","3,2759","3,2992","3,2618","-0,15%"
"24.05.2017","3,2784","3,2702","3,2885","3,2477","0,24%"
"23.05.2017","3,2705","3,2666","3,2894","3,2543","0,15%"
"22.05.2017","3,2656","3,2532","3,3190","3,2519","0,39%"
"19.05.2017","3,2529","3,3662","3,3718","3,2414","-3,50%"
"18.05.2017","3,3710","3,1408","3,4136","3,1389","7,43%"
"17.05.2017","3,1380","3,0953","3,1408","3,0951","1,34%"
"16.05.2017","3,0964","3,1107","3,1109","3,0873","-0,48%"
"15.05.2017","3,1113","3,1229","3,1258","3,0960","-0,34%"
"12.05.2017","3,1218","3,1380","3,1511","3,1164","-0,59%"
"11.05.2017","3,1403","3,1676","3,1685","3,1370","-0,87%"
"10.05.2017","3,1678","3,1908","3,1916","3,1523","-0,70%"
"09.05.2017","3,1902","3,1995","3,1997","3,1780","-0,24%"
"08.05.2017","3,1980","3,1753","3,2077","3,1753","0,65%"
"05.05.2017","3,1774","3,1902","3,1960","3,1682","-0,35%"
"04.05.2017","3,1885","3,1663","3,1956","3,1614","0,74%"
"03.05.2017","3,1652","3,1515","3,1679","3,1408","0,43%"
"02.05.2017","3,1517","3,1757","3,1959","3,1460","-0,78%"
"01.05.2017","3,1765","3,1772","3,1772","3,1765","-0,00%"
"28.04.2017","3,1766","3,1837","3,2149","3,1698","-0,22%"
"27.04.2017","3,1835","3,1721","3,1888","3,1545","0,35%"
"26.04.2017","3,1723","3,1476","3,2085","3,1434","0,80%"
"25.04.2017","3,1471","3,1283","3,1712","3,1275","0,61%"
"24.04.2017","3,1280","3,1506","3,1506","3,1182","-0,64%"
"21.04.2017","3,1482","3,1479","3,1488","3,1479","-0,01%"
"20.04.2017","3,1486","3,1507","3,1705","3,1324","-0,11%"
"19.04.2017","3,1522","3,1075","3,1545","3,1075","1,42%"
"18.04.2017","3,1080","3,0983","3,1239","3,0878","0,31%"
"17.04.2017","3,0985","3,1446","3,1476","3,0930","-1,47%"
"14.04.2017","3,1448","3,1435","3,1452","3,1431","0,01%"
"13.04.2017","3,1444","3,1258","3,1498","3,1145","0,60%"
"12.04.2017","3,1258","3,1383","3,1599","3,1197","-0,36%"
"11.04.2017","3,1372","3,1324","3,1561","3,1256","0,17%"
"10.04.2017","3,1320","3,1466","3,1509","3,1302","-0,45%"
"07.04.2017","3,1462","3,1429","3,1593","3,1183","0,11%"
"06.04.2017","3,1427","3,1195","3,1517","3,1063","0,72%"
"05.04.2017","3,1203","3,0938","3,1261","3,0808","0,85%"
"04.04.2017","3,0939","3,1151","3,1420","3,0924","-0,67%"
"03.04.2017","3,1147","3,1236","3,1355","3,1099","-0,28%"
"31.03.2017","3,1233","3,1481","3,1785","3,1214","-0,84%"
"30.03.2017","3,1496","3,1200","3,1532","3,1178","0,95%"
"29.03.2017","3,1199","3,1414","3,1421","3,1122","-0,68%"
"28.03.2017","3,1412","3,1269","3,1460","3,1233","0,47%"
"27.03.2017","3,1265","3,1084","3,1404","3,1079","0,58%"
"24.03.2017","3,1086","3,1404","3,1515","3,1048","-0,98%"
"23.03.2017","3,1395","3,0873","3,1456","3,0873","1,67%"
"22.03.2017","3,0880","3,0888","3,1102","3,0808","-0,01%"
"21.03.2017","3,0884","3,0724","3,0951","3,0600","0,51%"
"20.03.2017","3,0726","3,0920","3,1160","3,0673","-0,62%"
"17.03.2017","3,0918","3,1191","3,1282","3,0875","-0,86%"
"16.03.2017","3,1185","3,1031","3,1233","3,0925","0,48%"
"15.03.2017","3,1037","3,1680","3,1778","3,0972","-2,05%"
"14.03.2017","3,1685","3,1521","3,1824","3,1501","0,49%"
"13.03.2017","3,1530","3,1387","3,1606","3,1292","0,43%"
"10.03.2017","3,1395","3,1942","3,1966","3,1392","-1,68%"
"09.03.2017","3,1932","3,1627","3,1984","3,1599","0,95%"
"08.03.2017","3,1631","3,1200","3,1812","3,1197","1,40%"
"07.03.2017","3,1195","3,1391","3,1412","3,1119","-0,61%"
"06.03.2017","3,1386","3,1146","3,1394","3,1000","0,73%"
"03.03.2017","3,1158","3,1573","3,1633","3,1120","-1,29%"
"02.03.2017","3,1565","3,0895","3,1590","3,0895","2,15%"
"01.03.2017","3,0900","3,1095","3,1238","3,0900","-0,61%"
"28.02.2017","3,1091","3,1090","3,1091","3,1090","0,00%"
"27.02.2017","3,1090","3,1105","3,1105","3,1085","-0,06%"
"24.02.2017","3,1110","3,0622","3,1195","3,0600","1,68%"
"23.02.2017","3,0595","3,0635","3,0796","3,0519","-0,15%"
"22.02.2017","3,0640","3,0960","3,0989","3,0604","-1,00%"
"21.02.2017","3,0951","3,0862","3,1083","3,0848","0,26%"
"20.02.2017","3,0870","3,1019","3,1074","3,0826","-0,57%"
"17.02.2017","3,1048","3,0871","3,1099","3,0796","0,50%"
"16.02.2017","3,0892","3,0568","3,0905","3,0387","1,04%"
"15.02.2017","3,0575","3,0850","3,0969","3,0545","-0,89%"
"14.02.2017","3,0850","3,1120","3,1283","3,0825","-0,85%"
"13.02.2017","3,1115","3,1141","3,1240","3,1075","-0,13%"
"10.02.2017","3,1157","3,1311","3,1313","3,1061","-0,46%"
"09.02.2017","3,1301","3,1172","3,1334","3,1134","0,40%"
"08.02.2017","3,1175","3,1205","3,1300","3,1125","-0,10%"
"07.02.2017","3,1205","3,1155","3,1369","3,1155","0,14%"
"06.02.2017","3,1160","3,1185","3,1276","3,1050","-0,05%"
"03.02.2017","3,1176","3,1237","3,1389","3,1042","-0,20%"
"02.02.2017","3,1240","3,1290","3,1304","3,1075","-0,18%"
"01.02.2017","3,1295","3,1520","3,1638","3,1275","-0,68%"
"31.01.2017","3,1509","3,1258","3,1566","3,1012","0,76%"
"30.01.2017","3,1270","3,1403","3,1543","3,1138","-0,45%"
"27.01.2017","3,1410","3,1785","3,1827","3,1398","-1,16%"
"26.01.2017","3,1780","3,1702","3,1949","3,1612","0,25%"
"25.01.2017","3,1702","3,1702","3,1702","3,1702","0,00%"
"24.01.2017","3,1702","3,1605","3,1754","3,1583","0,22%"
"23.01.2017","3,1633","3,1690","3,1837","3,1534","-0,18%"
"20.01.2017","3,1690","3,2002","3,2046","3,1689","-0,86%"
"19.01.2017","3,1965","3,2310","3,2350","3,1932","-1,06%"
"18.01.2017","3,2309","3,2151","3,2319","3,2132","0,60%"
"17.01.2017","3,2115","3,2417","3,2417","3,1957","-0,93%"
"16.01.2017","3,2418","3,2234","3,2443","3,2165","0,64%"
"13.01.2017","3,2213","3,1887","3,2242","3,1798","1,04%"
"12.01.2017","3,1881","3,1968","3,1993","3,1522","-0,29%"
"11.01.2017","3,1975","3,1960","3,2313","3,1775","0,04%"
"10.01.2017","3,1961","3,1959","3,2020","3,1808","-0,03%"
"09.01.2017","3,1969","3,2244","3,2317","3,1894","-0,84%"
"06.01.2017","3,2241","3,1972","3,2241","3,1871","0,78%"
"05.01.2017","3,1991","3,2163","3,2294","3,1928","-0,53%"
"04.01.2017","3,2163","3,2517","3,2517","3,2100","-1,50%"
"03.01.2017","3,2652","3,2824","3,2929","3,2466","-0,62%"
"02.01.2017","3,2857","3,2538","3,2887","3,2516","0,95%"