"Data","Último","Abertura","Máxima","Mínima","Vol.","Var%"
"20.08.2021","1,54944","1,47573","1,56768","1,45304","232,08M","5,42%"
"19.08.2021","1,46980","1,33403","1,46980","1,30051","167,97M","10,09%"
"18.08.2021","1,33507","1,34968","1,40894","1,27830","207,83M","-1,20%"
"17.08.2021","1,35132","1,41993","1,53089","1,33756","248,27M","-4,81%"
"16.08.2021","1,41965","1,46626","1,55788","1,41660","250,98M","-3,15%"
"15.08.2021","1,46587","1,44133","1,48351","1,36996","165,02M","1,68%"
"14.08.2021","1,44162","1,51112","1,51112","1,40613","207,09M","-4,71%"
"13.08.2021","1,51280","1,32066","1,51486","1,31660","293,29M","14,50%"
"12.08.2021","1,32118","1,37231","1,47750","1,25806","367,79M","-3,70%"
"11.08.2021","1,37200","1,15604","1,42509","1,15413","489,09M","18,54%"
"10.08.2021","1,15739","1,12603","1,17850","1,10925","198,66M","2,76%"
"09.08.2021","1,12627","1,08124","1,15761","1,03864","171,61M","4,21%"
"08.08.2021","1,08073","1,16586","1,17823","1,06916","164,97M","-7,41%"
"07.08.2021","1,16724","1,08096","1,19444","1,06910","276,59M","8,08%"
"06.08.2021","1,08000","1,06794","1,09759","1,03650","119,36M","1,36%"
"05.08.2021","1,06550","1,05425","1,07415","1,01230","138,20M","1,22%"
"04.08.2021","1,05267","1,02207","1,07082","1,00974","112,67M","2,95%"
"03.08.2021","1,02254","1,04664","1,05974","1,00571","109,22M","-2,20%"
"02.08.2021","1,04558","1,05054","1,07892","1,02007","134,38M","-0,42%"
"01.08.2021","1,05001","1,08239","1,13449","1,04118","217,37M","-2,63%"
"31.07.2021","1,07837","1,06677","1,09935","1,02543","148,91M","1,18%"
"30.07.2021","1,06579","1,02872","1,07067","0,99618","176,06M","3,68%"
"29.07.2021","1,02794","1,01780","1,04219","0,99132","114,63M","1,10%"
"28.07.2021","1,01672","1,03940","1,05711","0,99251","200,37M","-2,39%"
"27.07.2021","1,04157","1,01535","1,06288","0,93789","349,57M","2,49%"
"26.07.2021","1,01622","0,93985","1,13391","0,93269","606,60M","8,22%"
"25.07.2021","0,93901","0,93579","0,93988","0,88757","178,16M","2,17%"
"24.07.2021","0,91905","0,94941","0,94941","0,91102","236,41M","-3,15%"
"23.07.2021","0,94892","0,88200","0,95501","0,85962","310,82M","7,76%"
"22.07.2021","0,88059","0,88717","0,92921","0,84359","424,50M","-0,85%"
"21.07.2021","0,88812","0,68671","0,94185","0,66972","713,82M","28,88%"
"20.07.2021","0,68910","0,73254","0,73842","0,62417","370,87M","-5,85%"
"19.07.2021","0,73188","0,79327","0,79914","0,72853","120,34M","-7,87%"
"18.07.2021","0,79437","0,80088","0,85751","0,78932","116,53M","-0,87%"
"17.07.2021","0,80132","0,81102","0,82064","0,78296","128,21M","-1,30%"
"16.07.2021","0,81184","0,87899","0,89720","0,81020","122,53M","-7,65%"
"15.07.2021","0,87905","0,92893","0,94471","0,85762","116,30M","-5,38%"
"14.07.2021","0,92899","0,94600","0,96542","0,87030","157,30M","-1,81%"
"13.07.2021","0,94616","0,99421","0,99502","0,93706","104,17M","-5,06%"
"12.07.2021","0,99659","1,04231","1,04853","0,96425","115,48M","-4,34%"
"11.07.2021","1,04184","1,03009","1,05658","1,02087","57,52M","1,20%"
"10.07.2021","1,02947","1,05001","1,07098","1,02127","77,96M","-2,13%"
"09.07.2021","1,05186","1,01608","1,06894","1,00559","111,51M","0,87%"
"08.07.2021","1,04278","1,12629","1,13222","1,01872","147,69M","-7,58%"
"07.07.2021","1,12831","1,12983","1,16188","1,12538","153,05M","0,24%"
"06.07.2021","1,12560","1,10083","1,14985","1,10083","138,95M","2,24%"
"05.07.2021","1,10089","1,14721","1,14721","1,10089","126,95M","-4,13%"
"04.07.2021","1,14826","1,15191","1,16701","1,14304","132,07M","1,36%"
"03.07.2021","1,13280","1,10494","1,14124","1,08745","112,14M","2,69%"
"02.07.2021","1,10310","1,07300","1,10310","1,04510","126,53M","2,76%"
"01.07.2021","1,07346","1,16424","1,16424","1,07346","151,55M","-8,04%"
"30.06.2021","1,16733","1,17221","1,18121","1,09618","217,47M","0,04%"
"29.06.2021","1,16691","1,11986","1,22819","1,11986","284,79M","4,18%"
"28.06.2021","1,12010","1,11161","1,14443","1,09268","218,54M","0,62%"
"27.06.2021","1,11324","1,07452","1,11324","1,04245","210,82M","3,37%"
"26.06.2021","1,07699","1,04553","1,09461","1,02170","236,64M","3,48%"
"25.06.2021","1,04077","1,20262","1,22147","1,04077","308,41M","-13,50%"
"24.06.2021","1,20322","1,17743","1,23237","1,15905","263,90M","2,32%"
"23.06.2021","1,17593","1,07201","1,20806","1,07201","436,66M","9,61%"
"22.06.2021","1,07284","1,09813","1,20651","1,03698","871,53M","-2,74%"
"21.06.2021","1,10306","1,39925","1,39925","1,10306","477,32M","-20,95%"
"20.06.2021","1,39538","1,35976","1,41844","1,32154","258,06M","2,63%"
"19.06.2021","1,35964","1,37742","1,41982","1,35586","231,24M","-1,08%"
"18.06.2021","1,37448","1,49946","1,49962","1,34931","320,05M","-8,48%"
"17.06.2021","1,50179","1,47631","1,54645","1,47631","265,31M","1,49%"
"16.06.2021","1,47967","1,62164","1,62499","1,47967","356,48M","-9,11%"
"15.06.2021","1,62800","1,54927","1,69706","1,54927","504,59M","5,07%"
"14.06.2021","1,54938","1,48003","1,54938","1,44669","372,22M","5,64%"
"13.06.2021","1,46670","1,34761","1,46670","1,34155","390,13M","9,46%"
"12.06.2021","1,34000","1,24921","1,37094","1,20755","426,81M","7,21%"
"11.06.2021","1,24992","1,36373","1,36373","1,24992","246,75M","-8,26%"
"10.06.2021","1,36240","1,49166","1,49166","1,36240","274,05M","-8,60%"
"09.06.2021","1,49064","1,48086","1,49582","1,36537","452,40M","0,60%"
"08.06.2021","1,48182","1,49494","1,49494","1,32704","627,55M","-0,24%"
"07.06.2021","1,48545","1,58189","1,69753","1,48545","450,17M","-6,00%"
"06.06.2021","1,58022","1,52618","1,58022","1,52618","218,36M","3,44%"
"05.06.2021","1,52761","1,63613","1,68439","1,51196","335,34M","-6,40%"
"04.06.2021","1,63205","1,82342","1,82342","1,57141","533,93M","-10,47%"
"03.06.2021","1,82294","1,79693","1,83491","1,77950","311,02M","1,35%"
"02.06.2021","1,79859","1,82851","1,83517","1,78445","364,01M","-1,29%"
"01.06.2021","1,82211","1,86805","1,90964","1,80458","490,26M","-3,08%"
"31.05.2021","1,88008","1,86200","1,88008","1,76199","678,48M","0,92%"
"30.05.2021","1,86286","1,69222","1,91268","1,58967","916,14M","10,07%"
"29.05.2021","1,69236","1,81899","1,85182","1,55498","855,35M","-7,08%"
"28.05.2021","1,82139","2,02275","2,02275","1,71863","1,17B","-10,19%"
"27.05.2021","2,02806","2,20546","2,24252","2,00123","1,04B","-8,36%"
"26.05.2021","2,21311","1,94930","2,29610","1,94930","1,48B","13,98%"
"25.05.2021","1,94175","1,74405","1,94175","1,62466","1,41B","12,79%"
"24.05.2021","1,72162","1,09493","1,78825","1,09493","2,25B","59,82%"
"23.05.2021","1,07723","1,18499","1,20494","0,80640","1,36B","-9,57%"
"22.05.2021","1,19121","1,47791","1,56102","1,19121","772,84M","-19,77%"
"21.05.2021","1,48469","1,82620","1,88097","1,39511","925,65M","-18,71%"
"20.05.2021","1,82636","1,64041","2,09743","1,53112","1,12B","12,54%"
"19.05.2021","1,62287","2,45723","2,45723","1,50034","1,98B","-33,77%"
"18.05.2021","2,45018","1,74292","2,53641","1,74292","1,19B","41,88%"
"17.05.2021","1,72693","1,72849","1,76378","1,55229","569,09M","1,00%"
"16.05.2021","1,70990","1,59845","1,79368","1,51261","577,87M","7,11%"
"15.05.2021","1,59633","1,47000","1,86027","1,47000","1,05B","8,50%"
"14.05.2021","1,47127","1,04857","1,47127","1,04857","721,23M","39,59%"
"13.05.2021","1,05400","1,05088","1,15482","1,00136","576,33M","5,01%"
"12.05.2021","1,00372","1,05743","1,20214","1,00372","741,37M","-5,98%"
"11.05.2021","1,06759","0,87473","1,06759","0,81207","493,56M","21,92%"
"10.05.2021","0,87566","0,96800","0,96961","0,85301","431,84M","-9,65%"
"09.05.2021","0,96917","0,84833","1,03903","0,81591","1,05B","14,18%"
"08.05.2021","0,84878","0,75095","0,84878","0,74137","251,83M","12,88%"
"07.05.2021","0,75191","0,76516","0,78071","0,74544","199,82M","-1,51%"
"06.05.2021","0,76343","0,80857","0,80857","0,75028","192,73M","-5,64%"
"05.05.2021","0,80910","0,72997","0,81160","0,72997","313,06M","13,64%"
"04.05.2021","0,71197","0,79482","0,79482","0,70919","304,26M","-10,50%"
"03.05.2021","0,79548","0,82123","0,85887","0,79085","300,85M","-3,34%"
"02.05.2021","0,82299","0,78688","0,82299","0,75710","311,96M","4,67%"
"01.05.2021","0,78625","0,82245","0,82745","0,78379","393,05M","-4,14%"
"30.04.2021","0,82017","0,89207","0,93372","0,81437","799,33M","-7,83%"
"29.04.2021","0,88982","0,78249","0,88982","0,76923","1,18B","14,56%"
"28.04.2021","0,77675","0,83492","0,84136","0,71993","1,84B","-7,53%"
"27.04.2021","0,83999","0,53600","0,83999","0,53600","1,17B","57,13%"
"26.04.2021","0,53458","0,38541","0,55075","0,38541","1,10B","39,12%"
"25.04.2021","0,38425","0,35405","0,39181","0,35405","226,09M","8,36%"
"24.04.2021","0,35459","0,38430","0,38430","0,34607","148,48M","-7,08%"
"23.04.2021","0,38162","0,35107","0,38498","0,31609","354,78M","9,03%"
"22.04.2021","0,35001","0,36067","0,41490","0,35001","534,44M","-1,75%"
"21.04.2021","0,35623","0,34258","0,36838","0,33893","183,69M","4,14%"
"20.04.2021","0,34206","0,32540","0,34931","0,31056","171,40M","4,81%"
"19.04.2021","0,32636","0,36600","0,37832","0,32636","168,71M","-10,37%"
"18.04.2021","0,36411","0,40369","0,40369","0,32376","292,24M","-9,48%"
"17.04.2021","0,40225","0,43638","0,43698","0,40225","144,19M","-7,69%"
"16.04.2021","0,43576","0,44338","0,44339","0,41866","260,21M","-1,20%"
"15.04.2021","0,44105","0,41866","0,44575","0,40707","296,01M","6,51%"
"14.04.2021","0,41409","0,42608","0,44025","0,38608","327,18M","-2,06%"
"13.04.2021","0,42279","0,35897","0,42279","0,35829","438,83M","18,16%"
"12.04.2021","0,35780","0,37054","0,37054","0,35192","89,99M","-3,26%"
"11.04.2021","0,36986","0,35893","0,36986","0,35646","83,98M","3,35%"
"10.04.2021","0,35788","0,36733","0,37064","0,35488","115,55M","-2,52%"
"09.04.2021","0,36713","0,35658","0,38324","0,35028","134,53M","3,22%"
"08.04.2021","0,35567","0,33820","0,35984","0,33820","119,92M","5,63%"
"07.04.2021","0,33671","0,37567","0,37567","0,32819","226,56M","-9,92%"
"06.04.2021","0,37381","0,37349","0,38089","0,36671","223,83M","0,95%"
"05.04.2021","0,37030","0,36259","0,37030","0,35161","151,87M","2,59%"
"04.04.2021","0,36094","0,35000","0,36785","0,35000","112,26M","2,66%"
"03.04.2021","0,35160","0,38471","0,38940","0,35160","177,17M","-8,08%"
"02.04.2021","0,38251","0,36440","0,39022","0,36001","190,00M","5,30%"
"01.04.2021","0,36326","0,36192","0,37197","0,35928","144,49M","0,91%"
"31.03.2021","0,35999","0,37136","0,37136","0,34372","205,46M","-2,99%"
"30.03.2021","0,37107","0,38456","0,38456","0,36354","178,74M","-3,38%"
"29.03.2021","0,38405","0,34733","0,39493","0,34030","395,44M","11,05%"
"28.03.2021","0,34585","0,33269","0,35156","0,33214","163,97M","3,95%"
"27.03.2021","0,33270","0,33655","0,34638","0,33270","159,53M","-1,12%"
"26.03.2021","0,33647","0,30023","0,33647","0,30023","166,65M","11,93%"
"25.03.2021","0,30060","0,32204","0,33030","0,30060","193,26M","-6,68%"
"24.03.2021","0,32213","0,32959","0,36390","0,32213","268,45M","-2,53%"
"23.03.2021","0,33049","0,34658","0,35136","0,32922","146,30M","-4,49%"
"22.03.2021","0,34601","0,38050","0,38142","0,34308","152,17M","-8,83%"
"21.03.2021","0,37953","0,38163","0,38890","0,36876","152,50M","-0,98%"
"20.03.2021","0,38327","0,40906","0,41455","0,38327","148,44M","-6,48%"
"19.03.2021","0,40983","0,39032","0,41815","0,39032","176,92M","5,23%"
"18.03.2021","0,38946","0,40150","0,42619","0,38946","221,59M","-2,83%"
"17.03.2021","0,40082","0,37334","0,41023","0,37334","418,00M","7,58%"
"16.03.2021","0,37258","0,39131","0,39131","0,35780","311,88M","-4,87%"
"15.03.2021","0,39167","0,38220","0,42215","0,38220","413,11M","2,95%"
"14.03.2021","0,38043","0,42548","0,42548","0,38043","381,85M","-10,55%"
"13.03.2021","0,42530","0,41794","0,45189","0,41319","539,60M","2,77%"
"12.03.2021","0,41385","0,41040","0,48664","0,41040","1,10B","1,18%"
"11.03.2021","0,40902","0,28776","0,41117","0,28776","1,40B","42,50%"
"10.03.2021","0,28703","0,30149","0,32631","0,28703","859,36M","-3,82%"
"09.03.2021","0,29843","0,21773","0,29843","0,21690","899,30M","37,57%"
"08.03.2021","0,21693","0,21238","0,21707","0,20680","182,13M","2,21%"
"07.03.2021","0,21223","0,21272","0,22125","0,21126","159,50M","-0,20%"
"06.03.2021","0,21266","0,21273","0,22575","0,21176","223,35M","0,07%"
"05.03.2021","0,21251","0,19926","0,22045","0,19000","395,46M","7,03%"
"04.03.2021","0,19855","0,22226","0,22337","0,19855","400,69M","-10,96%"
"03.03.2021","0,22300","0,23245","0,23256","0,22300","330,99M","-4,13%"
"02.03.2021","0,23261","0,24727","0,24727","0,22232","498,22M","-6,25%"
"01.03.2021","0,24813","0,23290","0,24813","0,22071","924,25M","8,00%"
"28.02.2021","0,22975","0,19709","0,22975","0,17898","1,05B","16,88%"
"27.02.2021","0,19657","0,19033","0,22216","0,19033","988,96M","3,11%"
"26.02.2021","0,19065","0,17624","0,19122","0,16042","1,13B","8,51%"
"25.02.2021","0,17570","0,15989","0,20690","0,15989","1,28B","9,73%"
"24.02.2021","0,16012","0,13665","0,16313","0,13461","760,76M","16,90%"
"23.02.2021","0,13697","0,15201","0,15201","0,11658","872,34M","-9,89%"
"22.02.2021","0,15200","0,16318","0,16318","0,13966","794,25M","-6,43%"
"21.02.2021","0,16245","0,14502","0,17650","0,14468","788,86M","12,20%"
"20.02.2021","0,14478","0,15355","0,18657","0,14478","1,52B","-5,83%"
"19.02.2021","0,15374","0,12265","0,15374","0,12083","746,88M","25,64%"
"18.02.2021","0,12237","0,11306","0,13047","0,11306","582,53M","9,13%"
"17.02.2021","0,11213","0,10886","0,11836","0,09970","514,91M","2,98%"
"16.02.2021","0,10888","0,10750","0,11266","0,10410","464,57M","1,74%"
"15.02.2021","0,10702","0,10099","0,11310","0,08216","795,00M","6,52%"
"14.02.2021","0,10047","0,11193","0,11274","0,09613","435,61M","-9,92%"
"13.02.2021","0,11153","0,12060","0,12373","0,11153","443,82M","-7,66%"
"12.02.2021","0,12078","0,12406","0,12497","0,11830","458,83M","-1,67%"
"11.02.2021","0,12283","0,11587","0,13114","0,11543","679,65M","5,61%"
"10.02.2021","0,11630","0,09952","0,13420","0,09952","1,89B","17,74%"
"09.02.2021","0,09878","0,07117","0,10088","0,07116","1,08B","38,99%"
"08.02.2021","0,07107","0,06679","0,07675","0,06304","975,37M","5,96%"
"07.02.2021","0,06707","0,05243","0,06707","0,04959","750,18M","27,95%"
"06.02.2021","0,05242","0,05490","0,05490","0,04763","491,10M","-4,27%"
"05.02.2021","0,05476","0,04780","0,05548","0,04755","650,96M","15,60%"
"04.02.2021","0,04737","0,04380","0,04870","0,04086","538,43M","8,22%"
"03.02.2021","0,04377","0,04106","0,04377","0,04008","293,85M","6,60%"
"02.02.2021","0,04106","0,04082","0,04106","0,03963","216,93M","0,39%"
"01.02.2021","0,04090","0,03831","0,04090","0,03680","348,32M","6,76%"
"31.01.2021","0,03831","0,03991","0,04015","0,03673","325,38M","-4,11%"
"30.01.2021","0,03995","0,04025","0,04249","0,03995","632,56M","-0,75%"
"29.01.2021","0,04025","0,03864","0,04212","0,03864","675,78M","4,01%"
"28.01.2021","0,03870","0,04176","0,04372","0,03870","595,45M","-7,57%"
"27.01.2021","0,04187","0,04348","0,04580","0,03985","1,28B","-3,30%"
"26.01.2021","0,04330","0,03260","0,04330","0,03260","1,43B","32,29%"
"25.01.2021","0,03273","0,03307","0,03549","0,03273","333,19M","-1,00%"
"24.01.2021","0,03306","0,03403","0,03510","0,03301","258,12M","-2,85%"
"23.01.2021","0,03403","0,03119","0,03441","0,03119","455,76M","8,93%"
"22.01.2021","0,03124","0,02859","0,03258","0,02772","311,35M","9,23%"
"21.01.2021","0,02860","0,03451","0,03451","0,02849","423,09M","-16,93%"
"20.01.2021","0,03443","0,03217","0,03449","0,03098","390,72M","6,40%"
"19.01.2021","0,03236","0,03619","0,03619","0,03236","342,37M","-10,51%"
"18.01.2021","0,03616","0,03425","0,03740","0,03425","381,14M","5,85%"
"17.01.2021","0,03416","0,03272","0,03416","0,03114","352,93M","4,40%"
"16.01.2021","0,03272","0,03411","0,03580","0,03254","404,88M","-3,79%"
"15.01.2021","0,03401","0,03282","0,03518","0,03267","507,84M","3,82%"
"14.01.2021","0,03276","0,03002","0,03276","0,02960","335,02M","9,49%"
"13.01.2021","0,02992","0,02609","0,02992","0,02544","319,37M","15,12%"
"12.01.2021","0,02599","0,02603","0,02778","0,02570","306,29M","0,23%"
"11.01.2021","0,02593","0,03022","0,03022","0,02339","524,58M","-14,45%"
"10.01.2021","0,03031","0,03368","0,03424","0,02831","556,20M","-9,41%"
"09.01.2021","0,03346","0,03159","0,03436","0,03090","357,77M","6,05%"
"08.01.2021","0,03155","0,03308","0,03433","0,03063","691,49M","-4,31%"
"07.01.2021","0,03297","0,03555","0,03733","0,03278","1,15B","-6,94%"
"06.01.2021","0,03543","0,02443","0,03632","0,02443","1,81B","45,38%"
"05.01.2021","0,02437","0,02471","0,02563","0,02388","916,10M","-1,26%"
"04.01.2021","0,02468","0,02022","0,02468","0,02022","660,69M","23,65%"
"03.01.2021","0,01996","0,01906","0,01999","0,01880","285,77M","4,89%"
"02.01.2021","0,01903","0,01776","0,01903","0,01776","271,51M","7,21%"
"01.01.2021","0,01775","0,01758","0,01833","0,01747","138,36M","0,97%"
"31.12.2020","0,01758","0,01809","0,01809","0,01725","151,28M","-2,77%"
"30.12.2020","0,01808","0,01844","0,01898","0,01801","126,02M","-2,06%"
"29.12.2020","0,01846","0,01890","0,01890","0,01796","156,87M","-2,22%"
"28.12.2020","0,01888","0,01832","0,01927","0,01832","210,85M","3,06%"
"27.12.2020","0,01832","0,01933","0,01933","0,01832","359,12M","-4,88%"
"26.12.2020","0,01926","0,01662","0,01926","0,01647","255,51M","15,88%"
"25.12.2020","0,01662","0,01643","0,01676","0,01617","163,84M","1,28%"
"24.12.2020","0,01641","0,01524","0,01645","0,01478","168,71M","7,61%"
"23.12.2020","0,01525","0,01860","0,01866","0,01525","219,02M","-18,05%"
"22.12.2020","0,01861","0,01809","0,01870","0,01788","101,83M","2,87%"
"21.12.2020","0,01809","0,01918","0,01944","0,01809","160,03M","-5,68%"
"20.12.2020","0,01918","0,01988","0,02001","0,01917","145,80M","-3,62%"
"19.12.2020","0,01990","0,02055","0,02068","0,01990","192,06M","-3,16%"
"18.12.2020","0,02055","0,01896","0,02055","0,01896","213,54M","8,39%"
"17.12.2020","0,01896","0,01943","0,01963","0,01889","318,46M","-2,62%"
"16.12.2020","0,01947","0,01947","0,01962","0,01898","192,80M","0,05%"
"15.12.2020","0,01946","0,01838","0,01961","0,01838","251,83M","5,88%"
"14.12.2020","0,01838","0,01816","0,01840","0,01803","83,26M","1,21%"
"13.12.2020","0,01816","0,01785","0,01828","0,01785","72,57M","1,74%"
"12.12.2020","0,01785","0,01736","0,01792","0,01736","74,62M","2,41%"
"11.12.2020","0,01743","0,01770","0,01784","0,01722","88,55M","-1,53%"
"10.12.2020","0,01770","0,01805","0,01805","0,01748","72,50M","-2,16%"
"09.12.2020","0,01809","0,01758","0,01814","0,01714","129,51M","2,78%"
"08.12.2020","0,01760","0,01915","0,01915","0,01760","129,48M","-8,09%"
"07.12.2020","0,01915","0,01956","0,01956","0,01915","63,74M","-2,10%"
"06.12.2020","0,01956","0,01967","0,01979","0,01907","122,13M","-0,66%"
"05.12.2020","0,01969","0,01880","0,01969","0,01863","98,46M","5,01%"
"04.12.2020","0,01875","0,02077","0,02101","0,01875","255,55M","-9,77%"
"03.12.2020","0,02078","0,01932","0,02088","0,01920","200,83M","7,56%"
"02.12.2020","0,01932","0,01859","0,01941","0,01859","104,73M","3,54%"
"01.12.2020","0,01866","0,01962","0,01998","0,01860","217,39M","-4,80%"
"30.11.2020","0,01960","0,01886","0,01960","0,01883","190,03M","4,03%"
"29.11.2020","0,01884","0,01872","0,01885","0,01842","121,27M","0,64%"
"28.11.2020","0,01872","0,01765","0,01884","0,01744","120,37M","6,00%"
"27.11.2020","0,01766","0,01774","0,01835","0,01716","153,49M","-0,28%"
"26.11.2020","0,01771","0,02083","0,02133","0,01649","577,77M","-15,34%"
"25.11.2020","0,02092","0,02160","0,02325","0,02092","337,28M","-3,15%"
"24.11.2020","0,02160","0,02113","0,02208","0,02093","388,52M","2,22%"
"23.11.2020","0,02113","0,01914","0,02129","0,01906","392,65M","10,51%"
"22.11.2020","0,01912","0,01989","0,01989","0,01870","376,24M","-3,87%"
"21.11.2020","0,01989","0,01791","0,01989","0,01791","309,37M","11,12%"
"20.11.2020","0,01790","0,01723","0,01813","0,01723","207,13M","3,89%"
"19.11.2020","0,01723","0,01705","0,01775","0,01691","201,68M","1,00%"
"18.11.2020","0,01706","0,01763","0,01817","0,01674","311,18M","-3,51%"
"17.11.2020","0,01768","0,01658","0,01798","0,01658","290,74M","6,31%"
"16.11.2020","0,01663","0,01641","0,01683","0,01641","94,83M","1,28%"
"15.11.2020","0,01642","0,01673","0,01700","0,01597","133,97M","-1,74%"
"14.11.2020","0,01671","0,01692","0,01692","0,01616","82,99M","-1,24%"
"13.11.2020","0,01692","0,01588","0,01692","0,01577","125,35M","6,75%"
"12.11.2020","0,01585","0,01654","0,01727","0,01585","185,49M","-4,17%"
"11.11.2020","0,01654","0,01723","0,01755","0,01654","172,09M","-4,28%"
"10.11.2020","0,01728","0,01559","0,01734","0,01544","373,35M","10,84%"
"09.11.2020","0,01559","0,01570","0,01653","0,01559","242,59M","-0,76%"
"08.11.2020","0,01571","0,01435","0,01591","0,01435","189,38M","9,32%"
"07.11.2020","0,01437","0,01549","0,01701","0,01437","473,98M","-7,23%"
"06.11.2020","0,01549","0,01344","0,01562","0,01344","434,27M","15,34%"
"05.11.2020","0,01343","0,01225","0,01353","0,01218","262,91M","9,90%"
"04.11.2020","0,01222","0,01273","0,01273","0,01185","227,58M","-3,78%"
"03.11.2020","0,01270","0,01369","0,01374","0,01265","184,20M","-7,23%"
"02.11.2020","0,01369","0,01414","0,01425","0,01367","107,73M","-3,18%"
"01.11.2020","0,01414","0,01371","0,01417","0,01371","81,44M","2,91%"
"31.10.2020","0,01374","0,01385","0,01405","0,01373","86,92M","-0,58%"
"30.10.2020","0,01382","0,01383","0,01387","0,01300","258,44M","0,00%"
"29.10.2020","0,01382","0,01506","0,01531","0,01382","185,89M","-8,29%"
"28.10.2020","0,01507","0,01582","0,01605","0,01507","175,99M","-4,74%"
"27.10.2020","0,01582","0,01652","0,01661","0,01580","242,58M","-4,24%"
"26.10.2020","0,01652","0,01725","0,01769","0,01619","155,22M","-4,34%"
"25.10.2020","0,01727","0,01767","0,01776","0,01726","104,35M","-2,26%"
"24.10.2020","0,01767","0,01701","0,01768","0,01694","80,07M","3,88%"
"23.10.2020","0,01701","0,01735","0,01746","0,01674","114,39M","-1,73%"
"22.10.2020","0,01731","0,01631","0,01773","0,01616","286,65M","5,68%"
"21.10.2020","0,01638","0,01566","0,01671","0,01565","148,01M","5,07%"
"20.10.2020","0,01559","0,01624","0,01633","0,01544","118,49M","-4,00%"
"19.10.2020","0,01624","0,01688","0,01688","0,01624","81,88M","-3,79%"
"18.10.2020","0,01688","0,01673","0,01689","0,01653","52,31M","0,90%"
"17.10.2020","0,01673","0,01622","0,01673","0,01619","37,56M","3,34%"
"16.10.2020","0,01619","0,01718","0,01718","0,01619","91,85M","-5,76%"
"15.10.2020","0,01718","0,01712","0,01736","0,01674","74,50M","0,29%"
"14.10.2020","0,01713","0,01767","0,01773","0,01711","81,37M","-3,11%"
"13.10.2020","0,01768","0,01786","0,01790","0,01756","93,90M","-0,95%"
"12.10.2020","0,01785","0,01780","0,01828","0,01780","140,54M","0,28%"
"11.10.2020","0,01780","0,01721","0,01793","0,01721","99,94M","3,43%"
"10.10.2020","0,01721","0,01705","0,01764","0,01705","161,20M","0,94%"
"09.10.2020","0,01705","0,01662","0,01712","0,01642","197,10M","2,59%"
"08.10.2020","0,01662","0,01695","0,01695","0,01572","250,72M","-1,95%"
"07.10.2020","0,01695","0,01709","0,01736","0,01680","132,17M","-1,22%"
"06.10.2020","0,01716","0,01887","0,01887","0,01716","132,55M","-8,92%"
"05.10.2020","0,01884","0,01860","0,01884","0,01849","64,41M","1,40%"
"04.10.2020","0,01858","0,01849","0,01858","0,01824","51,24M","0,49%"
"03.10.2020","0,01849","0,01817","0,01870","0,01813","54,81M","1,65%"
"02.10.2020","0,01819","0,01894","0,01894","0,01774","139,80M","-4,16%"
"01.10.2020","0,01898","0,02017","0,02025","0,01887","254,37M","-5,81%"
"30.09.2020","0,02015","0,01972","0,02015","0,01919","134,54M","2,70%"
"29.09.2020","0,01962","0,01885","0,01962","0,01870","172,94M","4,14%"
"28.09.2020","0,01884","0,01875","0,02008","0,01875","305,56M","0,48%"
"27.09.2020","0,01875","0,01883","0,01899","0,01821","124,90M","-0,42%"
"26.09.2020","0,01883","0,01912","0,01923","0,01871","96,68M","-1,52%"
"25.09.2020","0,01912","0,01895","0,01920","0,01840","111,86M","0,90%"
"24.09.2020","0,01895","0,01769","0,01895","0,01769","173,75M","7,55%"
"23.09.2020","0,01762","0,01961","0,01961","0,01762","144,95M","-10,06%"
"22.09.2020","0,01959","0,01885","0,01959","0,01885","107,16M","4,15%"
"21.09.2020","0,01881","0,02188","0,02320","0,01881","614,18M","-14,03%"
"20.09.2020","0,02188","0,02088","0,02206","0,02049","243,69M","4,94%"
"19.09.2020","0,02085","0,02109","0,02132","0,02067","133,22M","-0,86%"
"18.09.2020","0,02103","0,02050","0,02120","0,01998","249,75M","2,89%"
"17.09.2020","0,02044","0,01980","0,02044","0,01949","187,53M","2,82%"
"16.09.2020","0,01988","0,02041","0,02041","0,01963","151,30M","-2,74%"
"15.09.2020","0,02044","0,02003","0,02129","0,02003","251,97M","1,74%"
"14.09.2020","0,02009","0,01978","0,02010","0,01957","121,20M","1,67%"
"13.09.2020","0,01976","0,02098","0,02113","0,01934","175,81M","-5,82%"
"12.09.2020","0,02098","0,02107","0,02109","0,02072","109,46M","-0,52%"
"11.09.2020","0,02109","0,02038","0,02109","0,01991","163,30M","3,48%"
"10.09.2020","0,02038","0,02004","0,02100","0,02004","196,87M","1,75%"
"09.09.2020","0,02003","0,01821","0,02043","0,01788","269,49M","10,18%"
"08.09.2020","0,01818","0,01886","0,01886","0,01791","121,30M","-3,30%"
"07.09.2020","0,01880","0,01868","0,01881","0,01719","179,70M","0,48%"
"06.09.2020","0,01871","0,01797","0,01872","0,01736","174,84M","4,18%"
"05.09.2020","0,01796","0,01926","0,01985","0,01751","288,36M","-6,65%"
"04.09.2020","0,01924","0,01913","0,01958","0,01871","372,06M","-0,21%"
"03.09.2020","0,01928","0,02343","0,02356","0,01928","361,20M","-17,71%"
"02.09.2020","0,02343","0,02546","0,02553","0,02309","357,88M","-8,05%"
"01.09.2020","0,02548","0,02652","0,02668","0,02548","243,26M","-3,92%"
"31.08.2020","0,02652","0,02711","0,02726","0,02652","174,42M","-2,39%"
"30.08.2020","0,02717","0,02755","0,02819","0,02717","202,55M","-1,31%"
"29.08.2020","0,02753","0,02684","0,02783","0,02674","257,97M","2,57%"
"28.08.2020","0,02684","0,02579","0,02705","0,02579","132,74M","4,31%"
"27.08.2020","0,02573","0,02738","0,02738","0,02532","237,62M","-5,75%"
"26.08.2020","0,02730","0,02570","0,02730","0,02570","294,84M","6,23%"
"25.08.2020","0,02570","0,02794","0,02794","0,02532","296,68M","-8,02%"
"24.08.2020","0,02794","0,02537","0,02794","0,02537","332,90M","10,43%"
"23.08.2020","0,02530","0,02609","0,02609","0,02500","128,03M","-3,25%"
"22.08.2020","0,02615","0,02491","0,02615","0,02430","292,91M","5,57%"
"21.08.2020","0,02477","0,02671","0,02825","0,02477","497,46M","-7,12%"
"20.08.2020","0,02667","0,02482","0,02679","0,02482","319,11M","7,32%"
"19.08.2020","0,02485","0,02680","0,02680","0,02427","520,09M","-7,10%"
"18.08.2020","0,02675","0,02874","0,02944","0,02675","422,29M","-6,92%"
"17.08.2020","0,02874","0,03014","0,03120","0,02810","549,71M","-4,64%"
"16.08.2020","0,03014","0,03009","0,03073","0,02922","421,13M","0,30%"
"15.08.2020","0,03005","0,02818","0,03128","0,02719","845,67M","6,79%"
"14.08.2020","0,02814","0,02715","0,02817","0,02666","445,35M","3,65%"
"13.08.2020","0,02715","0,02535","0,02805","0,02461","932,23M","7,48%"
"12.08.2020","0,02526","0,02301","0,02564","0,02291","444,95M","9,68%"
"11.08.2020","0,02303","0,02442","0,02560","0,02281","758,54M","-5,61%"
"10.08.2020","0,02440","0,02265","0,02440","0,02237","507,35M","7,68%"
"09.08.2020","0,02266","0,02290","0,02364","0,02249","413,80M","-0,83%"
"08.08.2020","0,02285","0,02132","0,02285","0,02132","363,92M","7,03%"
"07.08.2020","0,02135","0,02179","0,02215","0,02118","238,24M","-1,88%"
"06.08.2020","0,02176","0,02130","0,02217","0,02130","299,72M","2,16%"
"05.08.2020","0,02130","0,02067","0,02183","0,02067","330,39M","3,20%"
"04.08.2020","0,02064","0,02043","0,02077","0,02043","171,24M","1,03%"
"03.08.2020","0,02043","0,02005","0,02068","0,02005","168,99M","2,05%"
"02.08.2020","0,02002","0,02110","0,02140","0,02002","289,80M","-5,03%"
"01.08.2020","0,02108","0,02028","0,02108","0,02028","244,95M","4,10%"
"31.07.2020","0,02025","0,02041","0,02065","0,02025","155,31M","-0,78%"
"30.07.2020","0,02041","0,02014","0,02053","0,02014","184,20M","0,99%"
"29.07.2020","0,02021","0,02047","0,02061","0,02021","228,36M","-1,27%"
"28.07.2020","0,02047","0,01995","0,02074","0,01953","376,91M","2,56%"
"27.07.2020","0,01996","0,02072","0,02076","0,01865","519,62M","-3,57%"
"26.07.2020","0,02070","0,02090","0,02134","0,02070","211,68M","-0,91%"
"25.07.2020","0,02089","0,02062","0,02122","0,02062","173,49M","1,21%"
"24.07.2020","0,02064","0,02110","0,02123","0,02049","221,18M","-2,18%"
"23.07.2020","0,02110","0,02121","0,02148","0,02106","167,51M","-0,57%"
"22.07.2020","0,02122","0,02127","0,02153","0,02104","208,97M","-0,24%"
"21.07.2020","0,02127","0,02157","0,02165","0,02108","297,72M","-1,39%"
"20.07.2020","0,02157","0,02126","0,02232","0,02122","457,89M","1,46%"
"19.07.2020","0,02126","0,02153","0,02153","0,02109","173,94M","-0,84%"
"18.07.2020","0,02144","0,02112","0,02144","0,02075","137,16M","1,42%"
"17.07.2020","0,02114","0,02089","0,02159","0,02089","207,72M","1,10%"
"16.07.2020","0,02091","0,02223","0,02304","0,02075","412,07M","-5,94%"
"15.07.2020","0,02223","0,02233","0,02293","0,02223","380,20M","-0,63%"
"14.07.2020","0,02237","0,02235","0,02246","0,02151","349,59M","0,00%"
"13.07.2020","0,02237","0,02122","0,02335","0,02117","609,42M","5,47%"
"12.07.2020","0,02121","0,02137","0,02146","0,02080","196,07M","-0,70%"
"11.07.2020","0,02136","0,02116","0,02142","0,02080","213,65M","0,99%"
"10.07.2020","0,02115","0,02061","0,02115","0,02017","228,25M","2,47%"
"09.07.2020","0,02064","0,02164","0,02164","0,02017","338,99M","-4,53%"
"08.07.2020","0,02162","0,02012","0,02162","0,01996","389,09M","7,56%"
"07.07.2020","0,02010","0,01996","0,02019","0,01970","216,25M","0,80%"
"06.07.2020","0,01994","0,01908","0,01994","0,01906","177,58M","4,51%"
"05.07.2020","0,01908","0,01954","0,01963","0,01885","158,03M","-2,40%"
"04.07.2020","0,01955","0,01923","0,01958","0,01900","104,30M","1,66%"
"03.07.2020","0,01923","0,01883","0,01959","0,01867","188,40M","1,96%"
"02.07.2020","0,01886","0,01871","0,01942","0,01815","221,91M","0,91%"
"01.07.2020","0,01869","0,01897","0,01963","0,01852","291,67M","-1,42%"
"30.06.2020","0,01896","0,01963","0,01975","0,01882","132,44M","-3,41%"
"29.06.2020","0,01963","0,02004","0,02036","0,01881","330,85M","-2,19%"
"28.06.2020","0,02007","0,01931","0,02035","0,01821","275,03M","3,72%"
"27.06.2020","0,01935","0,02085","0,02123","0,01882","269,36M","-7,15%"
"26.06.2020","0,02084","0,02153","0,02196","0,02063","251,11M","-3,38%"
"25.06.2020","0,02157","0,02235","0,02238","0,02126","191,52M","-3,36%"
"24.06.2020","0,02232","0,02261","0,02273","0,02142","278,43M","-1,33%"
"23.06.2020","0,02262","0,02227","0,02296","0,02178","247,83M","1,85%"
"22.06.2020","0,02221","0,02137","0,02245","0,02126","323,36M","3,93%"
"21.06.2020","0,02137","0,02259","0,02298","0,02124","455,13M","-5,65%"
"20.06.2020","0,02265","0,02024","0,02265","0,02020","488,56M","12,02%"
"19.06.2020","0,02022","0,02041","0,02079","0,01985","178,42M","-0,98%"
"18.06.2020","0,02042","0,02073","0,02077","0,02014","164,70M","-1,50%"
"17.06.2020","0,02073","0,02061","0,02132","0,02010","262,33M","0,63%"
"16.06.2020","0,02060","0,02040","0,02081","0,02002","191,89M","1,08%"
"15.06.2020","0,02038","0,02059","0,02060","0,01887","354,47M","-0,88%"
"14.06.2020","0,02056","0,02069","0,02138","0,02033","292,48M","-0,48%"
"13.06.2020","0,02066","0,02047","0,02074","0,02035","156,75M","1,03%"
"12.06.2020","0,02045","0,01962","0,02054","0,01952","201,41M","3,91%"
"11.06.2020","0,01968","0,02132","0,02196","0,01931","452,04M","-7,52%"
"10.06.2020","0,02128","0,02018","0,02188","0,02012","520,03M","5,61%"
"09.06.2020","0,02015","0,02028","0,02045","0,02002","135,62M","-0,84%"
"08.06.2020","0,02032","0,02031","0,02070","0,02016","164,30M","0,05%"
"07.06.2020","0,02031","0,02067","0,02076","0,01962","312,93M","-1,74%"
"06.06.2020","0,02067","0,02062","0,02090","0,02015","249,86M","0,29%"
"05.06.2020","0,02061","0,02168","0,02193","0,02025","365,61M","-5,11%"
"04.06.2020","0,02172","0,02166","0,02212","0,02062","455,35M","0,37%"
"03.06.2020","0,02164","0,02080","0,02192","0,02029","386,56M","3,94%"
"02.06.2020","0,02082","0,02180","0,02248","0,01984","748,14M","-4,23%"
"01.06.2020","0,02174","0,02041","0,02266","0,02032","888,07M","6,05%"
"31.05.2020","0,02050","0,02412","0,02483","0,01967","1,23B","-14,94%"
"30.05.2020","0,02410","0,02589","0,02589","0,02327","694,29M","-6,88%"
"29.05.2020","0,02588","0,02517","0,02688","0,02483","605,69M","2,94%"
"28.05.2020","0,02514","0,02440","0,02663","0,02383","702,01M","3,16%"
"27.05.2020","0,02437","0,02583","0,02644","0,02372","1,23B","-5,58%"
"26.05.2020","0,02581","0,02132","0,02682","0,02118","1,25B","21,12%"
"25.05.2020","0,02131","0,01922","0,02161","0,01912","458,61M","10,36%"
"24.05.2020","0,01931","0,02006","0,02172","0,01931","596,77M","-3,88%"
"23.05.2020","0,02009","0,02039","0,02071","0,01968","298,46M","-1,47%"
"22.05.2020","0,02039","0,01919","0,02104","0,01893","441,60M","6,36%"
"21.05.2020","0,01917","0,02082","0,02097","0,01820","725,15M","-8,01%"
"20.05.2020","0,02084","0,02226","0,02239","0,01966","657,78M","-6,34%"
"19.05.2020","0,02225","0,02065","0,02285","0,02020","681,72M","7,80%"
"18.05.2020","0,02064","0,02024","0,02121","0,02024","334,26M","1,93%"
"17.05.2020","0,02025","0,01998","0,02089","0,01990","300,64M","1,30%"
"16.05.2020","0,01999","0,01919","0,02089","0,01865","564,59M","4,06%"
"15.05.2020","0,01921","0,02014","0,02082","0,01883","602,91M","-4,14%"
"14.05.2020","0,02004","0,02045","0,02163","0,01962","1,09B","-0,69%"
"13.05.2020","0,02018","0,01725","0,02039","0,01714","906,27M","16,99%"
"12.05.2020","0,01725","0,01501","0,01816","0,01489","751,94M","14,47%"
"11.05.2020","0,01507","0,01534","0,01555","0,01386","583,01M","-2,08%"
"10.05.2020","0,01539","0,01720","0,01723","0,01365","835,10M","-10,63%"
"09.05.2020","0,01722","0,01792","0,01841","0,01721","289,75M","-3,53%"
"08.05.2020","0,01785","0,01739","0,01849","0,01709","360,61M","2,59%"
"07.05.2020","0,01740","0,01705","0,01788","0,01675","411,03M","2,17%"
"06.05.2020","0,01703","0,01697","0,01815","0,01672","411,86M","0,35%"
"05.05.2020","0,01697","0,01697","0,01717","0,01643","237,47M","0,00%"
"04.05.2020","0,01697","0,01712","0,01739","0,01570","522,26M","-0,82%"
"03.05.2020","0,01711","0,01694","0,01800","0,01656","550,03M","1,18%"
"02.05.2020","0,01691","0,01584","0,01721","0,01577","318,77M","6,55%"
"01.05.2020","0,01587","0,01543","0,01636","0,01542","244,63M","2,85%"
"30.04.2020","0,01543","0,01642","0,01663","0,01532","582,15M","-6,03%"
"29.04.2020","0,01642","0,01571","0,01687","0,01552","597,40M","4,65%"
"28.04.2020","0,01569","0,01544","0,01578","0,01496","239,00M","1,69%"
"27.04.2020","0,01543","0,01562","0,01598","0,01478","339,59M","-1,15%"
"26.04.2020","0,01561","0,01504","0,01604","0,01500","384,46M","3,65%"
"25.04.2020","0,01506","0,01471","0,01547","0,01440","327,65M","2,66%"
"24.04.2020","0,01467","0,01430","0,01575","0,01430","658,21M","2,73%"
"23.04.2020","0,01428","0,01279","0,01494","0,01247","637,23M","11,74%"
"22.04.2020","0,01278","0,01198","0,01280","0,01194","186,06M","6,68%"
"21.04.2020","0,01198","0,01199","0,01227","0,01172","255,22M","-0,25%"
"20.04.2020","0,01201","0,01289","0,01333","0,01179","369,48M","-6,68%"
"19.04.2020","0,01287","0,01340","0,01358","0,01276","303,47M","-3,81%"
"18.04.2020","0,01338","0,01276","0,01352","0,01275","242,35M","5,02%"
"17.04.2020","0,01274","0,01262","0,01305","0,01244","214,53M","1,11%"
"16.04.2020","0,01260","0,01157","0,01279","0,01124","312,66M","8,25%"
"15.04.2020","0,01164","0,01210","0,01226","0,01159","160,51M","-3,64%"
"14.04.2020","0,01208","0,01199","0,01248","0,01176","234,73M","0,75%"
"13.04.2020","0,01199","0,01213","0,01219","0,01154","359,17M","-1,72%"
"12.04.2020","0,01220","0,01223","0,01293","0,01187","326,84M","-0,16%"
"11.04.2020","0,01222","0,01206","0,01260","0,01183","362,24M","1,83%"
"10.04.2020","0,01200","0,01351","0,01351","0,01154","573,33M","-11,11%"
"09.04.2020","0,01350","0,01376","0,01399","0,01309","478,63M","-1,68%"
"08.04.2020","0,01373","0,01293","0,01392","0,01275","579,38M","6,11%"
"07.04.2020","0,01294","0,01348","0,01396","0,01267","945,98M","-4,29%"
"06.04.2020","0,01352","0,01140","0,01358","0,01140","972,10M","18,39%"
"05.04.2020","0,01142","0,01173","0,01174","0,01130","203,49M","-2,39%"
"04.04.2020","0,01170","0,01158","0,01191","0,01137","234,48M","1,04%"
"03.04.2020","0,01158","0,01153","0,01197","0,01123","256,81M","0,43%"
"02.04.2020","0,01153","0,01131","0,01212","0,01116","481,44M","2,85%"
"01.04.2020","0,01121","0,01099","0,01137","0,01050","406,01M","2,19%"
"31.03.2020","0,01097","0,01068","0,01122","0,01066","208,01M","2,72%"
"30.03.2020","0,01068","0,01002","0,01108","0,01001","289,10M","6,59%"
"29.03.2020","0,01002","0,01064","0,01067","0,01002","222,37M","-5,65%"
"28.03.2020","0,01062","0,01059","0,01077","0,01014","345,49M","-1,30%"
"27.03.2020","0,01076","0,01187","0,01219","0,01065","282,25M","-9,43%"
"26.03.2020","0,01188","0,01147","0,01211","0,01129","414,59M","3,66%"
"25.03.2020","0,01146","0,01126","0,01159","0,01075","352,43M","1,78%"
"24.03.2020","0,01126","0,01125","0,01177","0,01086","494,57M","1,08%"
"23.03.2020","0,01114","0,01005","0,01150","0,00984","458,47M","10,85%"
"22.03.2020","0,01005","0,01121","0,01167","0,00993","483,20M","-10,51%"
"21.03.2020","0,01123","0,01085","0,01219","0,01020","646,22M","3,41%"
"20.03.2020","0,01086","0,01121","0,01273","0,00979","1,01B","-3,21%"
"19.03.2020","0,01122","0,00915","0,01184","0,00896","1,07B","23,03%"
"18.03.2020","0,00912","0,00922","0,00930","0,00814","713,71M","-0,98%"
"17.03.2020","0,00921","0,00816","0,00983","0,00798","757,90M","13,56%"
"16.03.2020","0,00811","0,00986","0,00986","0,00700","1,11B","-17,75%"
"15.03.2020","0,00986","0,00982","0,01125","0,00939","568,75M","0,31%"
"14.03.2020","0,00983","0,01080","0,01137","0,00960","488,81M","-8,98%"
"13.03.2020","0,01080","0,00931","0,01185","0,00661","1,50B","18,29%"
"12.03.2020","0,00913","0,01899","0,01921","0,00864","1,74B","-51,92%"
"11.03.2020","0,01899","0,02061","0,02148","0,01758","1,13B","-7,55%"
"10.03.2020","0,02054","0,02054","0,02236","0,01995","1,05B","-0,24%"
"09.03.2020","0,02059","0,02151","0,02261","0,01867","1,26B","-3,01%"
"08.03.2020","0,02123","0,02669","0,02669","0,02105","944,79M","-20,84%"
"07.03.2020","0,02682","0,02495","0,02919","0,02491","985,73M","7,54%"
"06.03.2020","0,02494","0,02628","0,02640","0,02440","619,34M","-5,39%"
"05.03.2020","0,02636","0,02506","0,02796","0,02505","900,06M","4,81%"
"04.03.2020","0,02515","0,02346","0,02733","0,02344","1,28B","7,20%"
"03.03.2020","0,02346","0,02147","0,02398","0,02048","618,81M","9,78%"
"02.03.2020","0,02137","0,01923","0,02163","0,01901","379,71M","10,44%"
"01.03.2020","0,01935","0,02019","0,02103","0,01881","419,62M","-3,97%"
"29.02.2020","0,02015","0,02030","0,02117","0,01982","384,07M","-0,35%"
"28.02.2020","0,02022","0,01962","0,02041","0,01792","455,70M","3,22%"
"27.02.2020","0,01959","0,01838","0,01983","0,01757","437,60M","7,22%"
"26.02.2020","0,01827","0,01907","0,01946","0,01694","472,74M","-4,20%"
"25.02.2020","0,01907","0,02078","0,02082","0,01870","447,08M","-8,23%"
"24.02.2020","0,02078","0,02228","0,02234","0,02015","334,98M","-6,90%"
"23.02.2020","0,02232","0,02076","0,02295","0,02072","368,77M","7,51%"
"22.02.2020","0,02076","0,02071","0,02114","0,02027","154,67M","0,29%"
"21.02.2020","0,02070","0,02071","0,02190","0,02045","324,09M","0,05%"
"20.02.2020","0,02069","0,01996","0,02071","0,01922","231,06M","3,66%"
"19.02.2020","0,01996","0,02151","0,02197","0,01925","218,51M","-7,21%"
"18.02.2020","0,02151","0,02018","0,02193","0,01966","398,19M","7,07%"
"17.02.2020","0,02009","0,02003","0,02022","0,01878","407,85M","-0,15%"
"16.02.2020","0,02012","0,02092","0,02179","0,01871","656,17M","-3,82%"
"15.02.2020","0,02092","0,02329","0,02369","0,02004","589,35M","-10,06%"
"14.02.2020","0,02326","0,02233","0,02381","0,02220","441,44M","4,40%"
"13.02.2020","0,02228","0,02280","0,02373","0,02193","526,76M","-2,28%"
"12.02.2020","0,02280","0,02290","0,02450","0,02252","780,00M","-0,39%"
"11.02.2020","0,02289","0,02160","0,02289","0,02086","389,09M","6,02%"
"10.02.2020","0,02159","0,02194","0,02230","0,02058","531,02M","-1,37%"
"09.02.2020","0,02189","0,02121","0,02230","0,02081","513,62M","3,35%"
"08.02.2020","0,02118","0,02300","0,02300","0,01983","1,05B","-7,99%"
"07.02.2020","0,02302","0,02448","0,02517","0,02290","702,55M","-6,31%"
"06.02.2020","0,02457","0,02155","0,02492","0,02152","846,83M","14,23%"
"05.02.2020","0,02151","0,02102","0,02219","0,02079","570,34M","2,04%"
"04.02.2020","0,02108","0,02196","0,02262","0,02038","878,95M","-3,61%"
"03.02.2020","0,02187","0,01903","0,02241","0,01895","979,33M","14,68%"
"02.02.2020","0,01907","0,01829","0,01968","0,01790","344,96M","4,26%"
"01.02.2020","0,01829","0,01795","0,01840","0,01785","138,60M","1,89%"
"31.01.2020","0,01795","0,01859","0,01884","0,01772","309,65M","-3,49%"
"30.01.2020","0,01860","0,01703","0,01869","0,01687","529,22M","9,22%"
"29.01.2020","0,01703","0,01717","0,01725","0,01676","229,30M","-0,76%"
"28.01.2020","0,01716","0,01689","0,01733","0,01657","292,06M","1,54%"
"27.01.2020","0,01690","0,01645","0,01730","0,01645","265,27M","2,74%"
"26.01.2020","0,01645","0,01601","0,01666","0,01597","139,84M","2,62%"
"25.01.2020","0,01603","0,01622","0,01641","0,01577","153,70M","-1,17%"
"24.01.2020","0,01622","0,01607","0,01642","0,01537","189,87M","1,06%"
"23.01.2020","0,01605","0,01708","0,01711","0,01575","249,81M","-6,09%"
"22.01.2020","0,01709","0,01713","0,01724","0,01675","172,09M","-0,18%"
"21.01.2020","0,01712","0,01685","0,01742","0,01665","294,70M","1,60%"
"20.01.2020","0,01685","0,01642","0,01721","0,01604","256,01M","2,56%"
"19.01.2020","0,01643","0,01747","0,01778","0,01601","380,89M","-6,01%"
"18.01.2020","0,01748","0,01870","0,01886","0,01735","409,46M","-6,52%"
"17.01.2020","0,01870","0,01614","0,01920","0,01580","1,19B","15,93%"
"16.01.2020","0,01613","0,01639","0,01645","0,01543","375,09M","-1,59%"
"15.01.2020","0,01639","0,01556","0,01700","0,01546","454,47M","4,46%"
"14.01.2020","0,01569","0,01546","0,01599","0,01525","508,37M","1,36%"
"13.01.2020","0,01548","0,01497","0,01560","0,01476","228,57M","3,48%"
"12.01.2020","0,01496","0,01474","0,01519","0,01466","146,61M","1,15%"
"11.01.2020","0,01479","0,01486","0,01509","0,01471","179,74M","-0,47%"
"10.01.2020","0,01486","0,01459","0,01496","0,01424","211,58M","1,85%"
"09.01.2020","0,01459","0,01502","0,01512","0,01443","179,88M","-2,86%"
"08.01.2020","0,01502","0,01514","0,01530","0,01470","334,27M","-0,46%"
"07.01.2020","0,01509","0,01557","0,01564","0,01480","372,26M","-3,02%"
"06.01.2020","0,01556","0,01483","0,01590","0,01476","398,70M","5,06%"
"05.01.2020","0,01481","0,01482","0,01516","0,01472","185,90M","-0,20%"
"04.01.2020","0,01484","0,01512","0,01547","0,01475","230,22M","-1,85%"
"03.01.2020","0,01512","0,01467","0,01540","0,01422","381,46M","3,00%"
"02.01.2020","0,01468","0,01499","0,01576","0,01435","633,72M","-1,87%"
"01.01.2020","0,01496","0,01379","0,01548","0,01375","491,07M","8,48%"
"31.12.2019","0,01379","0,01428","0,01448","0,01373","221,02M","-3,36%"
"30.12.2019","0,01427","0,01474","0,01496","0,01423","182,36M","-3,19%"
"29.12.2019","0,01474","0,01493","0,01538","0,01460","286,92M","-1,34%"
"28.12.2019","0,01494","0,01520","0,01543","0,01492","167,49M","-1,58%"
"27.12.2019","0,01518","0,01563","0,01584","0,01454","348,60M","-3,00%"
"26.12.2019","0,01565","0,01563","0,01629","0,01526","394,11M","0,06%"
"25.12.2019","0,01564","0,01613","0,01694","0,01521","692,70M","-3,04%"
"24.12.2019","0,01613","0,01509","0,01618","0,01477","603,16M","7,18%"
"23.12.2019","0,01505","0,01616","0,01626","0,01467","1,12B","-6,75%"
"22.12.2019","0,01614","0,01800","0,01995","0,01530","2,21B","-10,28%"
"21.12.2019","0,01799","0,01557","0,01838","0,01522","1,56B","15,54%"
"20.12.2019","0,01557","0,01313","0,01582","0,01313","1,68B","18,85%"
"19.12.2019","0,01310","0,01270","0,01312","0,01241","433,68M","3,31%"
"18.12.2019","0,01268","0,01208","0,01340","0,01128","954,31M","5,14%"
"17.12.2019","0,01206","0,01320","0,01329","0,01180","897,10M","-8,77%"
"16.12.2019","0,01322","0,01420","0,01457","0,01296","947,65M","-7,03%"
"15.12.2019","0,01422","0,01359","0,01463","0,01322","1,00B","4,64%"
"14.12.2019","0,01359","0,01604","0,01623","0,01320","943,75M","-15,17%"
"13.12.2019","0,01602","0,01575","0,01682","0,01572","608,41M","1,84%"
"12.12.2019","0,01573","0,01801","0,01802","0,01534","1,23B","-12,27%"
"11.12.2019","0,01793","0,01727","0,01953","0,01702","1,39B","3,94%"
"10.12.2019","0,01725","0,03424","0,03478","0,01148","6,14B","-49,72%"
"09.12.2019","0,03431","0,04139","0,04254","0,03377","609,75M","-17,21%"
"08.12.2019","0,04144","0,03870","0,04268","0,03807","381,57M","6,80%"
"07.12.2019","0,03880","0,04150","0,04185","0,03722","571,82M","-6,35%"
"06.12.2019","0,04143","0,03309","0,04177","0,03230","689,62M","25,13%"
"05.12.2019","0,03311","0,03168","0,03447","0,03133","512,43M","4,09%"
"04.12.2019","0,03181","0,02927","0,03262","0,02785","490,53M","9,39%"
"03.12.2019","0,02908","0,02636","0,03105","0,02636","597,31M","10,28%"
"02.12.2019","0,02637","0,02661","0,02724","0,02489","372,46M","-0,90%"
"01.12.2019","0,02661","0,02888","0,02888","0,02622","472,08M","-7,92%"
"30.11.2019","0,02890","0,02446","0,02925","0,02411","702,00M","17,81%"
"29.11.2019","0,02453","0,02263","0,02514","0,02253","335,53M","8,20%"
"28.11.2019","0,02267","0,02453","0,02564","0,02226","505,20M","-7,73%"
"27.11.2019","0,02457","0,02171","0,02484","0,02033","757,17M","13,02%"
"26.11.2019","0,02174","0,02099","0,02282","0,02000","858,64M","2,74%"
"25.11.2019","0,02116","0,01508","0,02156","0,01486","1,06B","39,67%"
"24.11.2019","0,01515","0,01660","0,01758","0,01504","574,54M","-8,95%"
"23.11.2019","0,01664","0,01403","0,01677","0,01370","529,35M","18,60%"
"22.11.2019","0,01403","0,01425","0,01439","0,01221","348,74M","-1,47%"
"21.11.2019","0,01424","0,01434","0,01457","0,01335","175,57M","-0,70%"
"20.11.2019","0,01434","0,01485","0,01497","0,01420","190,45M","-3,37%"
"19.11.2019","0,01484","0,01404","0,01503","0,01359","216,11M","5,70%"
"18.11.2019","0,01404","0,01432","0,01449","0,01361","73,93M","-1,75%"
"17.11.2019","0,01429","0,01445","0,01476","0,01403","97,86M","-1,11%"
"16.11.2019","0,01445","0,01381","0,01445","0,01370","89,37M","4,63%"
"15.11.2019","0,01381","0,01443","0,01449","0,01360","117,98M","-4,30%"
"14.11.2019","0,01443","0,01493","0,01502","0,01425","90,63M","-3,35%"
"13.11.2019","0,01493","0,01492","0,01515","0,01461","82,65M","0,40%"
"12.11.2019","0,01487","0,01541","0,01561","0,01450","184,61M","-3,50%"
"11.11.2019","0,01541","0,01577","0,01587","0,01452","210,47M","-1,91%"
"10.11.2019","0,01571","0,01488","0,01585","0,01479","158,17M","5,37%"
"09.11.2019","0,01491","0,01432","0,01522","0,01429","164,00M","4,12%"
"08.11.2019","0,01432","0,01510","0,01546","0,01379","236,31M","-5,23%"
"07.11.2019","0,01511","0,01447","0,01540","0,01423","237,77M","4,42%"
"06.11.2019","0,01447","0,01470","0,01485","0,01431","150,23M","-1,03%"
"05.11.2019","0,01462","0,01432","0,01513","0,01395","267,61M","2,09%"
"04.11.2019","0,01432","0,01354","0,01460","0,01351","233,42M","5,76%"
"03.11.2019","0,01354","0,01353","0,01366","0,01329","73,68M","0,07%"
"02.11.2019","0,01353","0,01377","0,01390","0,01342","78,43M","-1,74%"
"01.11.2019","0,01377","0,01360","0,01406","0,01342","91,38M","1,25%"
"31.10.2019","0,01360","0,01340","0,01387","0,01324","104,16M","1,49%"
"30.10.2019","0,01340","0,01409","0,01414","0,01327","128,49M","-4,63%"
"29.10.2019","0,01405","0,01394","0,01442","0,01380","177,78M","0,50%"
"28.10.2019","0,01398","0,01402","0,01514","0,01397","299,83M","-0,29%"
"27.10.2019","0,01402","0,01348","0,01462","0,01333","250,31M","4,01%"
"26.10.2019","0,01348","0,01435","0,01489","0,01319","381,61M","-6,26%"
"25.10.2019","0,01438","0,01338","0,01472","0,01308","319,50M","7,39%"
"24.10.2019","0,01339","0,01326","0,01381","0,01289","176,91M","0,98%"
"23.10.2019","0,01326","0,01443","0,01463","0,01273","332,24M","-8,11%"
"22.10.2019","0,01443","0,01491","0,01527","0,01430","242,26M","-3,09%"
"21.10.2019","0,01489","0,01372","0,01513","0,01356","336,04M","8,21%"
"20.10.2019","0,01376","0,01376","0,01401","0,01328","127,21M","0,07%"
"19.10.2019","0,01375","0,01334","0,01388","0,01304","136,10M","3,00%"
"18.10.2019","0,01335","0,01419","0,01443","0,01307","191,10M","-6,32%"
"17.10.2019","0,01425","0,01386","0,01454","0,01354","183,01M","2,89%"
"16.10.2019","0,01385","0,01426","0,01447","0,01291","255,72M","-3,62%"
"15.10.2019","0,01437","0,01524","0,01539","0,01411","240,21M","-5,58%"
"14.10.2019","0,01522","0,01494","0,01669","0,01488","475,59M","1,87%"
"13.10.2019","0,01494","0,01555","0,01568","0,01408","225,57M","-3,92%"
"12.10.2019","0,01555","0,01575","0,01647","0,01454","497,06M","-1,46%"
"11.10.2019","0,01578","0,01610","0,01766","0,01536","776,22M","-2,05%"
"10.10.2019","0,01611","0,01442","0,01648","0,01338","507,35M","11,57%"
"09.10.2019","0,01444","0,01243","0,01444","0,01231","552,15M","16,08%"
"08.10.2019","0,01244","0,01091","0,01280","0,01074","341,31M","14,02%"
"07.10.2019","0,01091","0,01016","0,01112","0,01003","206,84M","7,38%"
"06.10.2019","0,01016","0,01048","0,01059","0,01005","65,05M","-3,05%"
"05.10.2019","0,01048","0,01055","0,01064","0,01039","39,46M","-0,66%"
"04.10.2019","0,01055","0,01054","0,01074","0,01033","48,28M","0,09%"
"03.10.2019","0,01054","0,01081","0,01092","0,01040","48,61M","-2,50%"
"02.10.2019","0,01081","0,01069","0,01097","0,01047","68,97M","1,12%"
"01.10.2019","0,01069","0,01090","0,01110","0,01055","110,79M","-1,93%"
"30.09.2019","0,01090","0,01087","0,01110","0,01002","163,66M","0,28%"
"29.09.2019","0,01087","0,01121","0,01128","0,01062","74,02M","-3,03%"
"28.09.2019","0,01121","0,01082","0,01136","0,01075","137,17M","3,60%"
"27.09.2019","0,01082","0,01059","0,01099","0,01033","75,64M","2,17%"
"26.09.2019","0,01059","0,01098","0,01153","0,01001","124,27M","-3,55%"
"25.09.2019","0,01098","0,01097","0,01145","0,01039","156,61M","0,00%"
"24.09.2019","0,01098","0,01224","0,01333","0,01052","270,41M","-10,29%"
"23.09.2019","0,01224","0,01252","0,01305","0,01216","64,55M","-2,24%"
"22.09.2019","0,01252","0,01331","0,01336","0,01238","83,07M","-5,94%"
"21.09.2019","0,01331","0,01362","0,01366","0,01318","48,49M","-2,35%"
"20.09.2019","0,01363","0,01366","0,01388","0,01338","56,14M","-0,22%"
"19.09.2019","0,01366","0,01432","0,01443","0,01292","199,49M","-4,61%"
"18.09.2019","0,01432","0,01349","0,01478","0,01336","300,82M","6,23%"
"17.09.2019","0,01348","0,01290","0,01385","0,01276","96,22M","4,50%"
"16.09.2019","0,01290","0,01283","0,01300","0,01251","56,39M","0,55%"
"15.09.2019","0,01283","0,01305","0,01324","0,01273","56,87M","-1,61%"
"14.09.2019","0,01304","0,01293","0,01344","0,01285","48,21M","0,85%"
"13.09.2019","0,01293","0,01294","0,01322","0,01267","44,86M","-0,23%"
"12.09.2019","0,01296","0,01310","0,01315","0,01250","80,45M","-1,07%"
"11.09.2019","0,01310","0,01352","0,01372","0,01286","92,32M","-2,96%"
"10.09.2019","0,01350","0,01410","0,01438","0,01326","96,14M","-4,26%"
"09.09.2019","0,01410","0,01387","0,01461","0,01298","209,77M","1,66%"
"08.09.2019","0,01387","0,01379","0,01400","0,01370","56,15M","0,58%"
"07.09.2019","0,01379","0,01358","0,01404","0,01347","85,60M","1,55%"
"06.09.2019","0,01358","0,01487","0,01491","0,01342","204,99M","-8,68%"
"05.09.2019","0,01487","0,01412","0,01515","0,01403","215,59M","5,46%"
"04.09.2019","0,01410","0,01433","0,01456","0,01383","135,76M","-1,61%"
"03.09.2019","0,01433","0,01374","0,01495","0,01279","236,46M","4,22%"
"02.09.2019","0,01375","0,01217","0,01391","0,01202","219,94M","12,98%"
"01.09.2019","0,01217","0,01175","0,01236","0,01152","71,08M","3,40%"
"31.08.2019","0,01177","0,01232","0,01233","0,01139","70,44M","-4,46%"
"30.08.2019","0,01232","0,01168","0,01245","0,01157","109,32M","5,48%"
"29.08.2019","0,01168","0,01291","0,01291","0,01148","148,12M","-9,53%"
"28.08.2019","0,01291","0,01423","0,01461","0,01276","166,75M","-8,83%"
"27.08.2019","0,01416","0,01390","0,01490","0,01376","178,91M","1,72%"
"26.08.2019","0,01392","0,01371","0,01462","0,01370","162,99M","1,38%"
"25.08.2019","0,01373","0,01483","0,01496","0,01356","151,83M","-7,42%"
"24.08.2019","0,01483","0,01534","0,01543","0,01420","305,33M","-3,51%"
"23.08.2019","0,01537","0,01672","0,01735","0,01499","360,66M","-8,46%"
"22.08.2019","0,01679","0,01550","0,01713","0,01465","490,32M","8,53%"
"21.08.2019","0,01547","0,01579","0,01597","0,01444","344,25M","-1,90%"
"20.08.2019","0,01577","0,01537","0,01596","0,01483","306,78M","1,81%"
"19.08.2019","0,01549","0,01393","0,01592","0,01384","437,74M","11,44%"
"18.08.2019","0,01390","0,01417","0,01454","0,01366","211,13M","-1,91%"
"17.08.2019","0,01417","0,01330","0,01474","0,01328","286,43M","6,54%"
"16.08.2019","0,01330","0,01459","0,01471","0,01321","333,97M","-8,59%"
"15.08.2019","0,01455","0,01484","0,01566","0,01438","365,46M","-1,36%"
"14.08.2019","0,01475","0,01680","0,01731","0,01458","674,01M","-12,05%"
"13.08.2019","0,01677","0,01697","0,01723","0,01502","641,64M","-0,83%"
"12.08.2019","0,01691","0,01626","0,01820","0,01582","840,86M","5,16%"
"11.08.2019","0,01608","0,01497","0,01858","0,01410","1,20B","7,41%"
"10.08.2019","0,01497","0,01218","0,01544","0,01217","819,36M","22,81%"
"09.08.2019","0,01219","0,01447","0,01461","0,01210","568,04M","-15,58%"
"08.08.2019","0,01444","0,01658","0,01762","0,01422","887,83M","-13,84%"
"07.08.2019","0,01676","0,01531","0,02057","0,01531","1,98B","9,33%"
"06.08.2019","0,01533","0,01169","0,01718","0,01166","1,71B","31,03%"
"05.08.2019","0,01170","0,01022","0,01290","0,00951","718,05M","14,48%"
"04.08.2019","0,01022","0,01062","0,01099","0,01013","99,74M","-3,77%"
"03.08.2019","0,01062","0,01109","0,01140","0,01058","90,50M","-4,24%"
"02.08.2019","0,01109","0,01062","0,01152","0,01044","144,76M","4,52%"
"01.08.2019","0,01061","0,01131","0,01154","0,01055","111,94M","-6,19%"
"31.07.2019","0,01131","0,01157","0,01166","0,01114","78,50M","-2,16%"
"30.07.2019","0,01156","0,01133","0,01166","0,01101","52,90M","2,03%"
"29.07.2019","0,01133","0,01173","0,01196","0,01131","50,46M","-3,90%"
"28.07.2019","0,01179","0,01198","0,01215","0,01124","57,84M","-1,59%"
"27.07.2019","0,01198","0,01275","0,01327","0,01174","86,41M","-6,04%"
"26.07.2019","0,01275","0,01218","0,01297","0,01190","88,08M","4,68%"
"25.07.2019","0,01218","0,01193","0,01270","0,01190","90,86M","2,10%"
"24.07.2019","0,01193","0,01145","0,01244","0,01109","96,21M","3,92%"
"23.07.2019","0,01148","0,01272","0,01282","0,01146","104,23M","-9,75%"
"22.07.2019","0,01272","0,01345","0,01358","0,01240","68,18M","-5,43%"
"21.07.2019","0,01345","0,01390","0,01409","0,01313","51,98M","-3,45%"
"20.07.2019","0,01393","0,01344","0,01448","0,01323","105,09M","4,19%"
"19.07.2019","0,01337","0,01362","0,01392","0,01319","83,67M","-1,84%"
"18.07.2019","0,01362","0,01316","0,01418","0,01250","225,77M","3,50%"
"17.07.2019","0,01316","0,01206","0,01400","0,01165","251,61M","9,58%"
"16.07.2019","0,01201","0,01385","0,01453","0,01180","258,45M","-13,22%"
"15.07.2019","0,01384","0,01425","0,01434","0,01289","195,40M","-3,28%"
"14.07.2019","0,01431","0,01666","0,01741","0,01421","296,97M","-14,00%"
"13.07.2019","0,01664","0,01570","0,01774","0,01520","433,24M","5,99%"
"12.07.2019","0,01570","0,01441","0,01647","0,01411","248,14M","8,95%"
"11.07.2019","0,01441","0,01608","0,01687","0,01422","264,56M","-10,50%"
"10.07.2019","0,01610","0,01622","0,01741","0,01490","437,38M","-0,56%"
"09.07.2019","0,01619","0,01659","0,01708","0,01523","309,30M","-2,70%"
"08.07.2019","0,01664","0,01761","0,01765","0,01650","219,79M","-5,40%"
"07.07.2019","0,01759","0,01770","0,01840","0,01712","138,68M","-0,51%"
"06.07.2019","0,01768","0,01811","0,01830","0,01750","101,52M","-2,37%"
"05.07.2019","0,01811","0,01797","0,01954","0,01760","247,42M","0,67%"
"04.07.2019","0,01799","0,01926","0,01926","0,01704","378,29M","-6,79%"
"03.07.2019","0,01930","0,02007","0,02038","0,01864","402,59M","-3,60%"
"02.07.2019","0,02002","0,02238","0,02260","0,01956","394,37M","-10,55%"
"01.07.2019","0,02238","0,02219","0,02310","0,02010","549,43M","1,04%"
"30.06.2019","0,02215","0,02408","0,02680","0,02201","1,02B","-8,24%"
"29.06.2019","0,02414","0,01924","0,02649","0,01922","1,29B","25,73%"
"28.06.2019","0,01920","0,01945","0,02115","0,01906","490,07M","-0,98%"
"27.06.2019","0,01939","0,01787","0,02165","0,01730","953,15M","8,20%"
"26.06.2019","0,01792","0,01920","0,01945","0,01643","826,47M","-6,52%"
"25.06.2019","0,01917","0,02072","0,02072","0,01904","364,33M","-7,48%"
"24.06.2019","0,02072","0,02101","0,02169","0,02032","290,46M","-1,66%"
"23.06.2019","0,02107","0,02192","0,02237","0,02081","942,20M","-3,97%"
"22.06.2019","0,02194","0,02101","0,02276","0,02050","1,24B","4,48%"
"21.06.2019","0,02100","0,02241","0,02341","0,02067","1,00B","-6,29%"
"20.06.2019","0,02241","0,02311","0,02375","0,02179","684,52M","-2,94%"
"19.06.2019","0,02309","0,02247","0,02437","0,02235","1,27B","2,76%"
"18.06.2019","0,02247","0,02173","0,02281","0,02125","650,66M","3,31%"
"17.06.2019","0,02175","0,02240","0,02384","0,02127","567,07M","-3,07%"
"16.06.2019","0,02244","0,02178","0,02278","0,02066","648,19M","3,03%"
"15.06.2019","0,02178","0,02061","0,02292","0,02058","659,26M","5,99%"
"14.06.2019","0,02055","0,02303","0,02328","0,01918","658,63M","-11,23%"
"13.06.2019","0,02315","0,02307","0,02475","0,02224","1,13B","0,39%"
"12.06.2019","0,02306","0,02386","0,02520","0,02285","680,68M","-3,51%"
"11.06.2019","0,02390","0,02701","0,02704","0,02338","652,76M","-11,51%"
"10.06.2019","0,02701","0,02529","0,02735","0,02391","860,79M","6,34%"
"09.06.2019","0,02540","0,02583","0,02755","0,02435","1,04B","-1,66%"
"08.06.2019","0,02583","0,02431","0,02652","0,02336","892,13M","6,38%"
"07.06.2019","0,02428","0,02361","0,02486","0,02235","582,40M","2,84%"
"06.06.2019","0,02361","0,02288","0,02506","0,02154","1,61B","3,33%"
"05.06.2019","0,02285","0,02140","0,02356","0,01957","1,69B","7,23%"
"04.06.2019","0,02131","0,01911","0,02194","0,01788","1,43B","10,99%"
"03.06.2019","0,01920","0,02017","0,02097","0,01873","514,80M","-4,57%"
"02.06.2019","0,02012","0,02104","0,02221","0,01964","515,94M","-4,73%"
"01.06.2019","0,02112","0,02215","0,02289","0,02073","963,38M","-4,69%"
"31.05.2019","0,02216","0,01973","0,02295","0,01946","1,08B","12,37%"
"30.05.2019","0,01972","0,02216","0,02325","0,01833","1,04B","-10,85%"
"29.05.2019","0,02212","0,02372","0,02480","0,02208","862,12M","-6,71%"